,total_cup_points,species,country_of_origin,variety,aroma,aftertaste,acidity,body,balance,sweetness,altitude_mean_meters,moisture
1,89.92,Arabica,Ethiopia,Other,8.75,8.5,8.58,8.42,8.42,10.0,2075.0,0.12
2,89.75,Arabica,Guatemala,Bourbon,8.42,8.42,8.42,8.33,8.42,10.0,1700.0,0.0
4,88.83,Arabica,Ethiopia,Other,8.25,8.25,8.5,8.42,8.33,10.0,2075.0,0.12
9,88.25,Arabica,Ethiopia,Other,8.08,8.5,8.5,7.67,8.42,10.0,1822.5,0.1
11,87.92,Arabica,United States,Other,8.25,8.17,8.33,8.08,8.17,10.0,1872.0,0.0
12,87.92,Arabica,United States,Other,8.08,8.33,8.42,8.0,8.08,10.0,1943.0,0.0
15,87.58,Arabica,United States,Other,8.0,8.58,8.17,8.17,8.0,10.0,2080.0,0.0
18,87.25,Arabica,China,Catimor,8.42,8.08,8.17,7.92,8.0,10.0,1450.0,0.1
19,87.25,Arabica,Ethiopia,Ethiopian Yirgacheffe,8.17,8.0,8.17,8.08,8.33,10.0,1850.0,0.0
20,87.25,Arabica,United States,Other,8.0,8.08,8.5,8.25,8.0,10.0,2019.0,0.0
21,87.17,Arabica,Costa Rica,Caturra,8.08,8.0,8.17,8.0,8.33,10.0,1300.0,0.11
22,87.17,Arabica,Mexico,Other,8.17,8.17,8.0,7.83,8.17,10.0,1320.0,0.13
23,87.08,Arabica,United States,Other,8.25,8.17,8.17,7.83,8.17,10.0,2112.0,0.0
25,86.92,Arabica,Brazil,Bourbon,8.5,8.0,8.0,8.0,8.0,10.0,1250.0,0.12
27,86.83,Arabica,Uganda,SL14,8.42,8.17,8.17,7.83,7.92,10.0,1950.0,0.12
28,86.67,Arabica,Honduras,Caturra,8.17,8.08,8.0,8.08,8.0,10.0,1400.0,0.1
29,86.58,Arabica,Taiwan,Sumatra,8.0,8.0,8.25,8.0,8.17,10.0,1200.0,0.0
32,86.42,Arabica,Brazil,Bourbon,8.5,8.0,7.75,8.0,8.0,10.0,1300.0,0.12
33,86.33,Arabica,Costa Rica,Caturra,8.17,8.0,8.08,7.83,8.0,10.0,1300.0,0.0
35,86.25,Arabica,Kenya,SL34,8.08,8.0,8.25,7.92,7.92,10.0,1800.0,0.12
39,86.17,Arabica,United States,Other,7.67,8.0,8.0,8.17,8.08,10.0,1941.0,0.0
40,86.17,Arabica,Thailand,Caturra,7.83,7.83,8.25,7.58,7.92,10.0,1300.0,0.1
41,86.17,Arabica,Brazil,Yellow Bourbon,8.17,7.92,7.75,8.33,8.0,10.0,12.0,0.08
42,86.17,Arabica,Brazil,Yellow Bourbon,8.42,8.0,7.75,7.92,8.0,10.0,12.0,0.01
43,86.08,Arabica,Taiwan,Bourbon,8.08,7.75,8.08,7.75,7.83,10.0,1000.0,0.12
44,86.08,Arabica,Kenya,SL28,8.08,8.0,8.0,7.83,8.08,10.0,1754.0,0.11
45,86.08,Arabica,Brazil,Bourbon,8.33,8.0,8.0,7.75,8.0,10.0,1250.0,0.11
47,86.0,Arabica,Colombia,Caturra,7.75,7.83,8.08,8.08,8.17,10.0,1200.0,0.12
48,86.0,Arabica,Kenya,SL28,7.92,7.83,8.5,7.5,7.92,10.0,1860.0,0.11
49,86.0,Arabica,Uganda,Other,8.25,7.83,8.08,8.0,7.92,10.0,1650.0,0.1
53,85.92,Arabica,Uganda,SL14,8.17,7.92,8.08,7.83,7.75,10.0,1650.0,0.12
54,85.92,Arabica,Colombia,Caturra,8.0,8.0,8.17,7.83,8.0,10.0,1800.0,0.0
55,85.83,Arabica,Panama,Gesha,8.0,7.92,8.08,7.83,8.0,10.0,1600.0,0.08
57,85.83,Arabica,Guatemala,Bourbon,7.83,8.0,8.17,7.83,8.0,10.0,1524.0,0.12
58,85.83,Arabica,Guatemala,Catuai,8.0,7.83,8.33,7.83,7.83,10.0,1417.32,0.1
62,85.58,Arabica,El Salvador,Bourbon,7.92,8.0,7.92,7.75,7.83,10.0,1500.0,0.1
63,85.58,Arabica,El Salvador,Bourbon,7.83,8.0,7.75,7.92,8.17,10.0,1350.0,0.11
65,85.5,Arabica,Panama,Caturra,8.0,7.83,7.83,7.67,8.58,10.0,1680.0,0.09
66,85.5,Arabica,Kenya,SL28,7.92,7.83,8.08,7.83,7.92,10.0,1900.0,0.1
67,85.5,Arabica,Ethiopia,Other,7.83,7.83,7.92,7.83,8.08,10.0,1900.0,0.12
68,85.5,Arabica,Uganda,SL14,8.33,7.67,7.92,7.67,7.92,10.0,1600.0,0.12
69,85.5,Arabica,Guatemala,Bourbon,8.0,7.67,8.33,7.83,8.0,10.0,1731.264,0.11
71,85.42,Arabica,Uganda,SL14,8.08,7.83,7.67,8.0,7.83,10.0,1950.0,0.12
73,85.42,Arabica,Brazil,Bourbon,8.0,8.0,7.67,7.75,8.0,10.0,1250.0,0.11
75,85.33,Arabica,China,Catimor,8.0,8.0,7.83,7.83,7.75,10.0,1700.0,0.1
76,85.33,Arabica,Guatemala,Pacamara,7.83,7.83,7.67,7.83,8.58,10.0,1770.0,0.11
77,85.33,Arabica,Costa Rica,Caturra,7.92,8.0,7.92,8.0,8.08,9.33,1300.0,0.0
78,85.33,Arabica,Costa Rica,Caturra,8.0,7.58,7.67,8.08,8.5,10.0,1300.0,0.1
79,85.33,Arabica,Kenya,SL34,7.83,7.75,8.08,7.92,7.75,10.0,1600.0,0.0
80,85.33,Arabica,Kenya,SL34,8.0,7.92,8.08,7.83,7.75,10.0,1200.0,0.0
84,85.25,Arabica,Colombia,Caturra,8.17,7.83,8.0,7.58,7.83,10.0,1550.0,0.11
85,85.25,Arabica,Colombia,Caturra,7.58,7.92,7.83,8.0,7.92,10.0,1550.0,0.12
86,85.17,Arabica,Indonesia,Sumatra Lintong,7.75,7.67,8.0,8.08,7.83,10.0,1325.0,0.11
87,85.17,Arabica,Guatemala,Caturra,8.25,7.67,7.92,7.75,7.67,10.0,1400.0,0.0
89,85.08,Arabica,Colombia,Caturra,8.17,7.58,8.08,8.0,7.75,10.0,2560.0,0.0
92,85.08,Arabica,Colombia,Caturra,7.83,7.75,7.75,7.83,7.83,10.0,2136.0,0.11
96,85.0,Arabica,Uganda,SL14,8.17,7.75,7.75,7.67,7.75,10.0,1800.0,0.11
98,85.0,Arabica,Costa Rica,Catuai,7.83,7.58,7.92,7.92,7.83,10.0,1900.0,0.12
99,85.0,Arabica,Mexico,Typica,7.83,7.83,7.75,7.67,7.83,10.0,1300.0,0.09
101,85.0,Arabica,Kenya,SL34,7.75,7.75,8.08,8.0,7.75,10.0,1580.0,0.0
102,85.0,Arabica,Brazil,Mundo Novo,8.0,7.83,7.83,7.67,7.67,10.0,1100.0,0.12
103,85.0,Arabica,Mexico,Pacamara,7.92,7.75,8.08,7.42,7.83,10.0,1400.0,0.0
107,84.92,Arabica,Colombia,Caturra,7.92,7.75,7.83,7.75,8.0,10.0,1775.0,0.12
108,84.92,Arabica,Taiwan,Typica,7.67,8.0,7.58,8.0,7.92,10.0,800.0,0.11
109,84.92,Arabica,"Tanzania, United Republic Of",Other,8.0,7.83,7.92,7.75,7.75,10.0,1620.0,0.12
110,84.92,Arabica,Colombia,Caturra,7.75,7.83,7.75,7.75,8.0,10.0,1775.0,0.11
111,84.92,Arabica,Mexico,Typica,7.75,7.75,7.83,7.5,7.92,10.0,1200.0,0.11
112,84.92,Arabica,Brazil,Bourbon,8.0,7.75,7.75,8.0,7.75,10.0,1200.0,0.11
113,84.92,Arabica,Brazil,Catuai,8.0,7.75,8.0,7.5,7.75,10.0,1000.0,0.12
115,84.83,Arabica,Taiwan,Typica,7.92,7.83,7.83,7.83,7.83,10.0,350.0,0.0
116,84.83,Arabica,Uganda,SL14,7.75,7.67,7.67,8.25,7.75,10.0,1650.0,0.12
121,84.75,Arabica,Kenya,SL34,7.92,7.58,7.92,7.75,7.83,10.0,1800.0,0.13
122,84.75,Arabica,Honduras,Catuai,7.83,8.0,7.67,7.67,7.67,10.0,1450.0,0.11
125,84.67,Arabica,El Salvador,Bourbon,7.83,7.5,8.0,7.83,7.67,10.0,1350.0,0.0
126,84.67,Arabica,Indonesia,Java,7.92,7.75,7.75,7.75,7.75,10.0,1200.0,0.12
127,84.67,Arabica,Japan,Mundo Novo,7.75,7.75,7.42,8.08,7.83,10.0,170.0,0.12
128,84.67,Arabica,Costa Rica,Catuai,8.08,7.67,7.83,7.5,7.92,10.0,1150.0,0.1
129,84.67,Arabica,Guatemala,Bourbon,7.75,7.58,8.0,7.92,7.75,10.0,1600.0,0.1
130,84.67,Arabica,Costa Rica,Caturra,8.17,7.83,7.17,7.83,7.75,10.0,1750.0,0.12
131,84.67,Arabica,Ethiopia,Ethiopian Yirgacheffe,8.08,7.75,7.83,7.58,7.67,10.0,1900.0,0.1
132,84.67,Arabica,Costa Rica,Other,7.67,7.75,7.75,7.67,8.58,10.0,1750.0,0.08
133,84.67,Arabica,Costa Rica,Catuai,8.0,7.83,7.75,7.75,7.75,10.0,1200.0,0.11
135,84.67,Arabica,Taiwan,Typica,8.0,7.75,7.75,7.75,7.75,10.0,1000.0,0.11
136,84.67,Arabica,Colombia,Caturra,7.75,7.75,7.83,7.75,7.83,10.0,1550.0,0.0
137,84.67,Arabica,Kenya,SL28,7.75,7.83,8.0,7.58,7.75,10.0,2000.0,0.11
138,84.67,Arabica,Guatemala,Bourbon,8.0,7.67,7.83,7.67,8.0,10.0,1310.64,0.11
139,84.67,Arabica,Guatemala,Bourbon,7.67,7.67,8.0,7.67,7.83,10.0,1524.0,0.12
140,84.67,Arabica,Mexico,Typica,7.83,7.67,7.92,7.92,7.83,10.0,1200.0,0.13
141,84.67,Arabica,Uganda,Other,7.92,7.75,7.92,7.67,7.75,10.0,1775.0,0.11
144,84.58,Arabica,Kenya,SL34,7.92,7.83,7.75,7.58,7.92,10.0,1754.0,0.11
145,84.58,Arabica,Colombia,Other,7.83,7.58,7.92,7.67,7.83,10.0,1500.0,0.0
147,84.58,Arabica,Kenya,Peaberry,7.83,7.83,7.75,7.58,7.83,10.0,1800.0,0.1
148,84.58,Arabica,Guatemala,Pacas,7.75,7.67,7.92,7.75,7.83,10.0,1524.0,0.11
149,84.58,Arabica,Guatemala,Bourbon,8.0,7.67,7.58,7.58,7.67,10.0,1219.2,0.09
150,84.58,Arabica,Colombia,Caturra,7.67,7.58,7.75,7.58,8.5,10.0,1550.0,0.0
151,84.58,Arabica,Colombia,Caturra,7.75,7.83,7.75,7.58,8.0,10.0,1750.0,0.0
153,84.58,Arabica,Colombia,Caturra,7.67,7.83,8.0,7.58,7.92,10.0,1750.0,0.0
154,84.58,Arabica,Costa Rica,Bourbon,7.75,7.75,8.0,7.83,7.67,10.0,1575.0,0.12
155,84.58,Arabica,Colombia,Caturra,7.42,7.75,7.75,8.08,7.83,10.0,1800.0,0.11
156,84.58,Arabica,Brazil,Bourbon,8.0,7.75,7.75,7.58,7.75,10.0,1300.0,0.12
157,84.58,Arabica,Brazil,Catuai,8.5,7.5,7.75,7.5,7.83,10.0,1100.0,0.11
158,84.5,Arabica,Costa Rica,Caturra,7.92,7.92,7.75,7.67,7.58,10.0,1200.0,0.1
159,84.5,Arabica,Uganda,SL14,7.92,7.67,7.75,7.83,7.75,10.0,1750.0,0.11
160,84.5,Arabica,China,Catimor,7.75,7.67,7.83,7.75,7.67,10.0,1680.0,0.1
161,84.5,Arabica,Costa Rica,Caturra,7.92,7.83,7.83,7.58,7.58,10.0,1700.0,0.11
162,84.5,Arabica,Colombia,Other,8.08,7.83,7.83,7.67,7.67,10.0,1800.0,0.12
163,84.5,Arabica,China,Other,7.67,7.75,7.83,7.75,7.58,10.0,1100.0,0.0
164,84.5,Arabica,Guatemala,Bourbon,8.17,7.67,7.83,7.67,7.83,10.0,1310.64,0.11
165,84.5,Arabica,Kenya,SL28,7.92,7.67,8.0,7.67,7.75,10.0,2000.0,0.11
166,84.5,Arabica,Mexico,Typica,8.0,7.42,8.08,7.5,7.67,10.0,1350.0,0.12
167,84.5,Arabica,Mexico,Typica,7.92,7.75,7.75,7.75,7.83,10.0,1500.0,0.11
171,84.42,Arabica,Costa Rica,Caturra,7.58,7.83,8.0,7.67,7.58,10.0,1300.0,0.1
172,84.42,Arabica,Indonesia,Mandheling,7.67,7.83,7.58,7.83,7.83,10.0,1400.0,0.0
174,84.42,Arabica,Colombia,Caturra,7.92,7.67,7.92,7.67,7.75,10.0,1775.0,0.0
175,84.42,Arabica,Taiwan,Typica,7.83,7.75,8.0,7.5,7.75,10.0,1200.0,0.11
177,84.42,Arabica,Mexico,Pacamara,7.75,7.75,7.67,7.83,7.67,10.0,900.0,0.12
179,84.33,Arabica,Kenya,SL28,7.33,7.83,7.75,7.75,7.92,10.0,1800.0,0.11
180,84.33,Arabica,Honduras,Caturra,7.92,7.75,7.67,7.67,7.75,10.0,1500.0,0.1
182,84.33,Arabica,Honduras,Catuai,7.58,7.58,7.75,7.92,7.75,10.0,1500.0,0.11
184,84.33,Arabica,Colombia,Caturra,7.75,8.0,7.67,8.08,7.83,10.0,442.0,0.11
185,84.33,Arabica,Colombia,Caturra,7.75,7.33,7.83,7.58,8.08,10.0,1800.0,0.0
186,84.33,Arabica,Mexico,Typica,8.0,7.75,7.83,7.5,7.67,10.0,1700.0,0.12
187,84.33,Arabica,Brazil,Yellow Bourbon,8.17,7.5,7.75,7.5,7.67,10.0,1275.0,0.0
191,84.25,Arabica,Taiwan,Typica,7.92,7.75,7.67,7.67,7.83,10.0,1000.0,0.12
192,84.25,Arabica,Thailand,Catimor,7.83,7.75,7.42,7.83,7.67,10.0,1200.0,0.12
193,84.25,Arabica,Colombia,Caturra,7.83,7.75,7.58,7.67,8.0,10.0,2560.0,0.11
194,84.25,Arabica,Guatemala,Caturra,7.75,7.58,7.92,7.75,7.75,10.0,1500.0,0.11
195,84.25,Arabica,Guatemala,Caturra,7.75,7.5,8.08,7.58,7.67,10.0,1099.4136,0.1
196,84.25,Arabica,China,Catimor,7.83,7.58,7.75,7.75,7.75,10.0,1400.0,0.1
197,84.25,Arabica,Colombia,Caturra,7.67,7.75,7.75,7.67,7.92,10.0,1775.0,0.11
198,84.25,Arabica,Colombia,Caturra,7.83,7.75,7.58,7.92,7.75,10.0,1775.0,0.12
199,84.25,Arabica,Colombia,Other,7.83,7.83,7.58,7.67,7.75,10.0,1800.0,0.12
200,84.25,Arabica,Colombia,Caturra,7.42,7.83,7.75,7.92,7.83,10.0,442.0,0.12
201,84.25,Arabica,"Tanzania, United Republic Of",Other,7.83,7.75,7.83,7.67,7.67,10.0,1620.0,0.12
202,84.25,Arabica,"Tanzania, United Republic Of",Other,7.83,7.75,7.75,7.67,7.75,10.0,1600.0,0.12
203,84.25,Arabica,Guatemala,Bourbon,7.83,7.5,7.92,7.58,7.75,10.0,1219.2,0.1
204,84.25,Arabica,Colombia,Caturra,7.58,7.75,7.83,7.92,7.83,10.0,1700.0,0.11
206,84.25,Arabica,Mexico,Typica,7.83,7.67,7.83,7.5,7.75,10.0,1450.0,0.12
207,84.25,Arabica,Mexico,Bourbon,7.83,7.75,7.67,7.83,7.58,10.0,1170.0,0.12
208,84.25,Arabica,Mexico,Bourbon,7.83,7.67,7.75,7.5,7.75,10.0,1400.0,0.1
209,84.25,Arabica,Uganda,Other,8.17,7.58,7.67,7.83,7.58,10.0,1700.0,0.13
210,84.17,Arabica,Guatemala,Bourbon,7.75,7.58,7.83,7.67,7.75,10.0,1700.0,0.13
212,84.17,Arabica,Costa Rica,Caturra,7.92,7.67,7.67,7.5,7.67,10.0,1700.0,0.09
213,84.17,Arabica,Guatemala,Caturra,7.75,7.58,8.0,7.67,7.83,10.0,1116.7872,0.11
214,84.17,Arabica,Guatemala,Caturra,7.75,7.58,7.92,7.67,7.67,10.0,1565.0,0.1
215,84.17,Arabica,Guatemala,Bourbon,7.58,7.58,7.83,7.83,7.67,10.0,3280.0,0.1
216,84.17,Arabica,Colombia,Caturra,8.0,7.5,7.67,8.0,7.83,10.0,1775.0,0.0
217,84.17,Arabica,Nicaragua,Caturra,7.67,7.83,7.5,7.67,7.83,10.0,1000.0,0.12
218,84.17,Arabica,Brazil,Catuai,7.67,7.75,7.67,7.83,7.75,10.0,1150.0,0.0
219,84.17,Arabica,Costa Rica,Caturra,7.67,7.67,7.75,7.5,8.0,10.0,1850.0,0.0
220,84.17,Arabica,Ethiopia,Gesha,7.5,7.58,7.83,7.75,7.83,10.0,1606.5,0.1
221,84.17,Arabica,"Tanzania, United Republic Of",Other,7.92,7.75,7.75,7.75,7.58,10.0,1400.0,0.13
222,84.17,Arabica,Colombia,Other,7.67,7.67,7.42,7.83,8.58,10.0,1530.0,0.12
224,84.17,Arabica,Kenya,SL28,7.58,7.75,7.75,7.75,7.83,10.0,250.5,0.08
225,84.17,Arabica,Brazil,Mundo Novo,7.58,7.75,7.67,7.67,8.0,10.0,1038.5,0.11
226,84.17,Arabica,Guatemala,Bourbon,7.92,7.67,7.67,7.83,7.92,10.0,1310.64,0.11
227,84.17,Arabica,El Salvador,Bourbon,8.42,7.5,7.17,7.58,8.17,10.0,1500.0,0.11
228,84.17,Arabica,Colombia,Caturra,7.75,7.75,7.75,7.83,7.75,10.0,1750.0,0.0
230,84.17,Arabica,Uganda,Other,7.83,7.5,7.83,7.83,7.75,10.0,1600.0,0.11
232,84.08,Arabica,Colombia,Caturra,7.83,7.42,7.5,7.83,8.5,10.0,442.0,0.0
233,84.08,Arabica,Taiwan,Typica,7.58,7.67,7.67,7.75,7.83,10.0,968.0,0.1
235,84.08,Arabica,Colombia,Caturra,7.92,7.67,7.75,7.67,7.67,10.0,1775.0,0.0
236,84.08,Arabica,Guatemala,Bourbon,7.58,7.67,8.0,7.75,7.67,10.0,1550.0,0.1
238,84.08,Arabica,Mexico,Typica,7.67,7.67,7.75,7.67,7.75,10.0,1480.0,0.11
239,84.08,Arabica,Ethiopia,Other,7.92,7.83,8.0,7.92,7.92,8.67,1800.0,0.09
241,84.0,Arabica,Ethiopia,Gesha,7.83,7.67,7.75,7.33,7.75,10.0,1800.0,0.11
242,84.0,Arabica,Honduras,Caturra,7.42,7.75,7.92,7.75,7.58,10.0,1500.0,0.1
243,84.0,Arabica,Guatemala,Caturra,7.67,7.58,7.92,7.75,7.67,10.0,1706.88,0.12
244,84.0,Arabica,Colombia,Other,7.67,7.83,7.58,7.58,7.83,10.0,1600.0,0.11
245,84.0,Arabica,Guatemala,Bourbon,7.92,7.42,7.92,7.75,7.83,10.0,1219.2,0.1
246,84.0,Arabica,Guatemala,Bourbon,7.75,7.5,7.83,7.58,7.67,10.0,1219.2,0.1
248,84.0,Arabica,Colombia,Caturra,7.58,7.75,7.92,7.75,7.92,10.0,1450.0,0.12
249,84.0,Arabica,Colombia,Caturra,7.67,7.5,7.5,7.67,7.67,10.0,1775.0,0.12
250,84.0,Arabica,Ethiopia,Other,7.75,7.5,7.58,7.67,7.92,10.0,1550.0,0.09
251,84.0,Arabica,Brazil,Yellow Bourbon,7.58,7.67,7.25,8.0,7.75,10.0,1260.0,0.1
252,84.0,Arabica,Colombia,Caturra,7.67,7.67,7.75,7.67,7.75,10.0,1700.0,0.11
253,84.0,Arabica,Kenya,SL34,7.67,7.5,7.75,7.92,7.67,10.0,1200.0,0.0
255,84.0,Arabica,Kenya,SL28,7.67,7.67,7.75,7.83,7.67,10.0,1650.0,0.0
256,84.0,Arabica,Uganda,Other,7.92,7.58,7.67,7.67,7.83,10.0,1700.0,0.1
258,83.92,Arabica,Brazil,Bourbon,7.5,7.58,7.5,7.58,7.5,10.0,890.0,0.0
259,83.92,Arabica,Mexico,Mundo Novo,7.83,7.58,7.92,7.42,7.5,10.0,1300.0,0.11
260,83.92,Arabica,Thailand,Catimor,7.67,7.5,7.67,7.67,7.83,10.0,1350.0,0.1
261,83.92,Arabica,Brazil,Bourbon,7.58,7.67,7.75,7.58,7.83,10.0,934.0,0.11
262,83.92,Arabica,Taiwan,Typica,7.83,7.83,7.75,7.83,7.75,10.0,1200.0,0.11
268,83.92,Arabica,Colombia,Caturra,7.75,7.67,7.83,7.83,7.67,10.0,1775.0,0.0
269,83.92,Arabica,Taiwan,Typica,8.0,7.92,7.92,7.67,7.33,10.0,950.0,0.06
270,83.92,Arabica,Colombia,Caturra,7.67,7.67,7.75,7.67,7.83,10.0,1550.0,0.12
271,83.92,Arabica,Mexico,Typica,7.67,7.58,7.67,7.75,7.83,10.0,900.0,0.12
272,83.92,Arabica,Mexico,Typica,7.5,7.58,7.83,7.75,7.75,10.0,1500.0,0.11
273,83.92,Arabica,Mexico,Typica,7.75,7.83,7.92,7.75,7.67,10.0,1400.0,0.0
274,83.83,Arabica,Colombia,Caturra,7.92,7.5,7.83,7.58,7.67,10.0,2527.0,0.0
276,83.83,Arabica,Costa Rica,Caturra,7.67,7.75,7.67,7.5,7.75,10.0,1850.0,0.0
277,83.83,Arabica,Guatemala,Bourbon,7.75,7.5,7.75,7.83,7.58,10.0,1500.0,0.11
279,83.83,Arabica,Brazil,Yellow Bourbon,7.25,7.42,8.0,7.75,7.83,10.0,1.0,0.0
280,83.83,Arabica,Taiwan,Typica,7.67,7.67,7.75,7.42,7.75,10.0,525.0,0.0
282,83.83,Arabica,Brazil,Bourbon,7.67,7.58,7.5,7.83,8.17,9.33,1200.0,0.0
283,83.83,Arabica,Costa Rica,Catuai,7.83,7.5,7.83,7.75,7.83,10.0,1300.0,0.1
284,83.83,Arabica,Guatemala,Bourbon,7.58,7.33,8.0,7.58,7.75,10.0,1219.2,0.1
285,83.83,Arabica,Brazil,Yellow Bourbon,7.92,7.33,7.67,8.17,7.5,10.0,1260.0,0.1
287,83.83,Arabica,Colombia,Caturra,7.67,7.58,7.83,7.58,7.67,10.0,1750.0,0.11
288,83.83,Arabica,Guatemala,Bourbon,7.5,7.5,7.83,7.83,7.67,10.0,1310.64,0.11
289,83.83,Arabica,Mexico,Bourbon,7.67,7.67,7.42,7.67,7.5,10.0,1218.0,0.1
290,83.83,Arabica,Mexico,Pacas,7.67,7.5,7.75,7.75,7.75,10.0,1300.0,0.11
291,83.83,Arabica,Brazil,Yellow Bourbon,7.83,7.58,7.67,7.5,7.58,10.0,1250.0,0.12
295,83.75,Arabica,Kenya,SL28,7.75,7.5,7.58,7.75,7.75,10.0,1800.0,0.11
296,83.75,Arabica,Brazil,Bourbon,7.67,7.58,7.75,7.67,7.67,10.0,890.0,0.11
297,83.75,Arabica,Colombia,Caturra,7.83,7.58,7.58,7.58,7.58,10.0,442.0,0.11
298,83.75,Arabica,Taiwan,Typica,7.67,7.58,7.58,7.67,7.83,10.0,750.0,0.0
300,83.75,Arabica,China,Catimor,7.83,7.67,7.5,7.58,7.67,10.0,1650.0,0.1
301,83.75,Arabica,Colombia,Caturra,7.75,7.5,7.67,7.58,7.83,10.0,442.0,0.0
302,83.75,Arabica,Uganda,Bourbon,8.0,7.58,7.75,7.33,7.5,10.0,1400.0,0.12
303,83.75,Arabica,United States (Puerto Rico),Other,7.83,7.83,7.67,8.0,8.17,10.0,853.44,0.12
304,83.75,Arabica,Colombia,Caturra,7.67,7.67,7.92,7.5,7.67,10.0,1775.0,0.0
305,83.75,Arabica,Colombia,Other,7.67,7.42,7.42,8.0,8.33,10.0,1550.0,0.0
306,83.75,Arabica,Colombia,Caturra,7.58,7.75,7.67,7.67,7.67,10.0,1750.0,0.0
307,83.75,Arabica,Colombia,Caturra,7.75,7.75,7.58,7.42,8.0,10.0,1750.0,0.11
309,83.75,Arabica,Mexico,Caturra,7.83,7.58,7.5,7.75,7.67,10.0,700.0,0.13
310,83.75,Arabica,Guatemala,Caturra,7.67,7.58,7.67,7.75,7.75,10.0,1300.0,0.11
314,83.67,Arabica,Brazil,Bourbon,7.67,7.5,7.67,7.67,7.5,10.0,890.0,0.11
315,83.67,Arabica,Kenya,SL28,8.08,7.67,7.58,7.25,7.67,10.0,1700.0,0.11
316,83.67,Arabica,Honduras,Caturra,7.5,7.67,7.67,8.0,8.0,10.0,1400.0,0.1
317,83.67,Arabica,Nicaragua,Caturra,7.67,7.67,7.67,7.83,7.58,10.0,1250.0,0.1
318,83.67,Arabica,Brazil,Bourbon,7.58,7.58,7.75,7.58,7.58,10.0,934.0,0.11
319,83.67,Arabica,Taiwan,Caturra,7.5,7.33,7.92,7.83,7.67,10.0,1200.0,0.1
322,83.67,Arabica,Colombia,Caturra,7.5,7.5,7.75,7.67,7.67,10.0,1625.0,0.11
323,83.67,Arabica,Guatemala,Bourbon,8.0,7.33,8.0,8.0,8.0,10.0,1356.6648,0.1
324,83.67,Arabica,Colombia,Caturra,7.83,7.67,7.58,7.58,7.67,10.0,1750.0,0.0
325,83.67,Arabica,Colombia,Caturra,7.67,7.67,7.67,7.33,7.75,10.0,1900.0,0.0
326,83.67,Arabica,Guatemala,Bourbon,7.67,7.42,7.67,8.0,7.75,10.0,1310.64,0.12
327,83.67,Arabica,Guatemala,Bourbon,7.83,7.33,7.67,7.67,7.83,10.0,1310.64,0.11
328,83.67,Arabica,Colombia,Caturra,7.75,7.58,7.83,7.17,7.75,10.0,1750.0,0.11
329,83.67,Arabica,Guatemala,Caturra,8.17,7.83,7.67,8.08,7.75,9.33,1450.0,0.11
330,83.67,Arabica,Guatemala,Bourbon,7.67,7.5,7.42,7.58,7.83,10.0,1310.64,0.11
331,83.67,Arabica,Mexico,Typica,7.67,7.5,7.33,7.83,8.25,10.0,1100.0,0.12
332,83.67,Arabica,Indonesia,Typica,8.17,7.58,7.58,7.42,7.67,10.0,1400.0,0.12
333,83.67,Arabica,Guatemala,Caturra,7.67,7.33,8.0,7.67,7.67,10.0,1524.0,0.1
335,83.58,Arabica,Brazil,Bourbon,7.58,7.58,7.58,7.67,7.58,10.0,890.0,0.11
336,83.58,Arabica,Guatemala,Caturra,7.75,7.5,7.83,7.58,7.58,10.0,1128.3696,0.11
338,83.58,Arabica,China,Catimor,7.67,7.58,7.58,7.67,7.75,10.0,1100.0,0.1
339,83.58,Arabica,Colombia,Caturra,7.67,7.58,7.67,7.75,7.58,10.0,1775.0,0.12
340,83.58,Arabica,Mexico,Caturra,7.75,7.58,7.58,7.5,7.67,10.0,1200.0,0.12
341,83.58,Arabica,Ethiopia,Other,7.75,7.58,7.67,7.5,7.67,10.0,1850.0,0.0
342,83.58,Arabica,Uganda,SL14,7.67,7.42,7.75,7.75,7.67,10.0,1800.0,0.12
343,83.58,Arabica,Colombia,Caturra,7.67,7.67,7.67,7.67,7.67,10.0,1600.0,0.0
344,83.58,Arabica,Colombia,Caturra,7.67,7.67,7.58,7.67,7.75,10.0,1550.0,0.12
345,83.58,Arabica,Colombia,Caturra,7.75,7.5,7.58,7.75,7.83,10.0,1550.0,0.0
346,83.58,Arabica,Taiwan,Typica,7.75,7.75,7.75,7.5,7.58,10.0,1000.0,0.11
347,83.58,Arabica,Colombia,Caturra,7.67,7.58,7.67,7.75,7.58,10.0,1775.0,0.11
348,83.58,Arabica,Mexico,Typica,7.83,7.58,7.58,7.67,7.58,10.0,1000.0,0.12
349,83.58,Arabica,Colombia,Caturra,7.67,7.58,7.58,7.67,7.75,10.0,2136.0,0.11
350,83.58,Arabica,Brazil,Catuai,7.83,7.5,7.75,7.5,7.58,10.0,1100.0,0.12
351,83.5,Arabica,Colombia,Caturra,7.75,7.58,7.75,7.75,7.5,10.0,1799.0,0.0
353,83.5,Arabica,Costa Rica,Caturra,7.92,7.5,7.67,7.5,7.67,10.0,1850.0,0.0
354,83.5,Arabica,Colombia,Caturra,7.75,7.58,7.5,7.75,7.75,10.0,1000.0,0.0
355,83.5,Arabica,Guatemala,Bourbon,7.67,7.5,7.83,7.58,7.58,10.0,1219.2,0.1
356,83.5,Arabica,Colombia,Caturra,7.58,7.58,7.58,7.75,7.67,10.0,1775.0,0.12
357,83.5,Arabica,"Tanzania, United Republic Of",Ruiru 11,7.75,7.58,7.67,7.67,7.58,10.0,1400.0,0.13
358,83.5,Arabica,Indonesia,Sumatra,7.25,7.58,7.92,7.83,7.58,10.0,1500.0,0.13
361,83.5,Arabica,Colombia,Caturra,8.0,7.25,7.58,7.92,7.58,10.0,1850.0,0.11
362,83.5,Arabica,Guatemala,Caturra,7.58,7.5,7.83,7.42,7.67,10.0,1400.0,0.1
363,83.5,Arabica,Colombia,Caturra,7.75,7.33,7.5,7.83,7.83,10.0,1650.0,0.0
364,83.5,Arabica,Honduras,Caturra,7.67,7.67,7.5,7.67,7.67,10.0,1350.0,0.1
365,83.5,Arabica,Colombia,Caturra,7.58,7.42,7.67,7.75,7.67,10.0,1750.0,0.0
366,83.5,Arabica,Colombia,Caturra,7.58,7.58,7.75,7.58,7.75,10.0,1750.0,0.11
367,83.5,Arabica,Mexico,Bourbon,7.83,7.25,7.5,7.5,7.42,10.0,1170.0,0.13
368,83.5,Arabica,Mexico,Typica,7.67,7.67,7.75,7.58,7.5,10.0,940.0,0.11
369,83.5,Arabica,Mexico,Pacamara,7.75,7.67,7.75,7.33,7.5,10.0,1400.0,0.12
370,83.5,Arabica,Guatemala,Caturra,7.83,7.5,8.0,7.67,7.5,10.0,1524.0,0.1
371,83.5,Arabica,Colombia,Caturra,7.67,7.58,7.67,7.67,7.67,10.0,1775.0,0.11
372,83.5,Arabica,Guatemala,Bourbon,7.5,7.75,7.5,8.0,7.67,10.0,1402.08,0.0
375,83.42,Arabica,Colombia,Caturra,7.5,7.58,7.5,7.75,7.83,10.0,439.0,0.0
376,83.42,Arabica,Guatemala,Bourbon,7.67,7.5,7.58,7.58,7.67,10.0,1700.0,0.1
377,83.42,Arabica,Colombia,Caturra,7.67,7.5,7.67,7.67,7.58,10.0,442.0,0.11
378,83.42,Arabica,Costa Rica,Caturra,7.58,7.42,7.92,7.5,7.67,10.0,1850.0,0.09
380,83.42,Arabica,Uganda,SL14,7.58,7.33,7.75,7.67,7.58,10.0,1800.0,0.11
381,83.42,Arabica,Thailand,Catimor,7.5,7.75,7.5,7.75,7.67,10.0,1200.0,0.13
382,83.42,Arabica,El Salvador,Bourbon,7.58,7.75,7.58,7.75,7.67,10.0,1330.0,0.11
383,83.42,Arabica,Colombia,Caturra,7.58,7.58,7.67,7.58,7.67,10.0,442.0,0.12
385,83.42,Arabica,"Tanzania, United Republic Of",Bourbon,7.75,7.58,7.67,7.58,7.58,10.0,1600.0,0.13
386,83.42,Arabica,Colombia,Caturra,7.58,7.25,7.75,7.75,8.58,10.0,1813.0,0.12
387,83.42,Arabica,Guatemala,Bourbon,7.75,7.33,7.83,7.5,7.67,10.0,1219.2,0.1
388,83.42,Arabica,Guatemala,Caturra,7.67,7.5,7.83,7.58,7.5,10.0,1500.0,0.1
389,83.42,Arabica,Guatemala,Bourbon,7.67,7.75,7.42,7.75,7.75,10.0,1310.64,0.11
391,83.42,Arabica,Colombia,Caturra,7.5,7.58,7.5,7.67,7.75,10.0,1450.0,0.11
396,83.33,Arabica,Colombia,Caturra,7.75,7.75,7.58,7.58,7.58,10.0,1650.0,0.0
399,83.33,Arabica,Brazil,Catuai,7.5,7.33,7.58,7.58,7.92,10.0,1227.0,0.1
400,83.33,Arabica,Mexico,Caturra,7.75,7.5,7.67,7.5,7.58,10.0,1200.0,0.12
401,83.33,Arabica,Colombia,Caturra,7.67,7.42,7.83,7.83,7.42,10.0,1650.0,0.11
402,83.33,Arabica,"Tanzania, United Republic Of",Other,7.75,7.67,7.58,7.58,7.58,10.0,1700.0,0.12
403,83.33,Arabica,Mexico,Other,7.67,7.58,7.67,7.5,7.58,10.0,1100.0,0.12
404,83.33,Arabica,Costa Rica,Caturra,7.67,7.42,7.67,7.67,7.67,10.0,1300.0,0.12
406,83.33,Arabica,Costa Rica,Catuai,7.5,7.67,7.5,7.83,7.17,10.0,1200.0,0.11
408,83.33,Arabica,Haiti,Typica,7.58,7.67,7.5,7.83,7.42,10.0,1280.16,0.11
409,83.33,Arabica,Colombia,Caturra,7.67,7.5,7.67,7.92,7.42,10.0,1000.0,0.11
410,83.33,Arabica,Guatemala,Bourbon,7.83,7.17,7.67,7.67,7.67,10.0,1310.64,0.11
412,83.33,Arabica,Burundi,Bourbon,7.75,7.33,7.5,7.5,7.75,10.0,1880.0,0.0
413,83.33,Arabica,Colombia,Caturra,7.5,7.67,7.58,7.67,7.58,10.0,1750.0,0.0
416,83.25,Arabica,Mexico,Typica,7.67,7.42,7.83,7.33,7.5,10.0,1600.0,0.11
417,83.25,Arabica,Costa Rica,Catuai,7.5,7.83,7.5,7.67,7.67,10.0,1900.0,0.11
419,83.25,Arabica,Guatemala,Pacas,7.5,7.42,7.83,7.67,7.58,10.0,2100.0,0.11
422,83.25,Arabica,Colombia,Caturra,7.58,7.67,7.17,7.75,7.83,10.0,442.0,0.0
423,83.25,Arabica,Mexico,Typica,7.83,7.5,7.58,7.58,7.58,10.0,1261.0,0.12
424,83.25,Arabica,Taiwan,Bourbon,7.67,7.5,7.5,7.67,7.83,10.0,1000.0,0.1
425,83.25,Arabica,Taiwan,Typica,7.92,7.75,7.58,7.5,7.33,10.0,800.0,0.1
426,83.25,Arabica,Colombia,Caturra,7.58,7.5,7.58,7.58,7.75,10.0,1483.0,0.0
427,83.25,Arabica,Guatemala,Caturra,7.5,7.58,7.67,7.67,7.5,10.0,1500.0,0.1
428,83.25,Arabica,Colombia,Caturra,7.83,7.67,7.33,7.67,7.67,10.0,1750.0,0.11
429,83.25,Arabica,Mexico,Bourbon,7.58,7.5,7.5,7.58,7.58,10.0,1300.0,0.12
432,83.25,Arabica,Mexico,Caturra,7.75,7.42,7.92,7.33,7.5,10.0,1000.0,0.12
433,83.25,Arabica,Guatemala,Bourbon,7.83,7.08,7.83,7.42,8.08,10.0,1310.64,0.11
434,83.25,Arabica,Brazil,Yellow Bourbon,7.75,7.5,7.58,7.58,7.58,10.0,1200.0,0.11
435,83.25,Arabica,Colombia,Caturra,7.67,7.58,7.42,7.83,7.58,10.0,175.0,0.12
436,83.25,Arabica,Colombia,Caturra,7.67,7.5,7.5,7.58,7.67,10.0,1775.0,0.11
440,83.17,Arabica,Brazil,Bourbon,7.67,7.5,7.58,7.67,7.58,10.0,890.0,0.11
441,83.17,Arabica,Guatemala,Bourbon,7.58,7.33,7.67,7.75,7.58,10.0,1901.0,0.1
442,83.17,Arabica,"Tanzania, United Republic Of",Bourbon,7.67,7.42,7.67,7.67,7.58,10.0,168.0,0.12
444,83.17,Arabica,Vietnam,Catimor,7.58,7.08,7.33,7.58,8.58,10.0,1550.0,0.07
445,83.17,Arabica,Guatemala,Caturra,7.67,7.42,7.75,7.58,7.5,10.0,1500.0,0.11
446,83.17,Arabica,Honduras,Catuai,7.67,7.5,7.67,7.5,7.67,10.0,1450.0,0.11
447,83.17,Arabica,China,Catimor,7.5,7.33,7.67,7.67,7.67,10.0,1200.0,0.11
448,83.17,Arabica,China,Catimor,7.67,7.5,7.67,7.42,7.58,10.0,1600.0,0.1
449,83.17,Arabica,El Salvador,Bourbon,7.5,7.33,7.67,8.0,7.67,10.0,1350.0,0.0
450,83.17,Arabica,Guatemala,Bourbon,7.5,7.5,7.83,7.58,7.5,10.0,1500.0,0.11
451,83.17,Arabica,Guatemala,Bourbon,7.92,7.42,7.75,7.5,7.5,10.0,1650.0,0.12
452,83.17,Arabica,Kenya,SL28,7.83,7.67,7.75,7.83,8.5,9.33,250.5,0.1
454,83.17,Arabica,"Tanzania, United Republic Of",Other,7.58,7.67,7.58,7.42,7.58,10.0,1653.0,0.13
455,83.17,Arabica,Colombia,Caturra,7.58,7.5,7.67,7.5,7.67,10.0,1775.0,0.0
456,83.17,Arabica,Uganda,SL14,8.0,7.5,7.42,7.33,7.58,10.0,1800.0,0.1
458,83.17,Arabica,Honduras,Catuai,7.5,7.5,7.67,7.67,7.67,10.0,1450.0,0.1
459,83.17,Arabica,Honduras,Caturra,7.67,7.5,7.67,7.5,7.67,10.0,1350.0,0.11
460,83.17,Arabica,Guatemala,Catuai,7.33,7.17,8.17,7.33,7.67,10.0,1524.0,0.09
462,83.17,Arabica,"Tanzania, United Republic Of",Bourbon,7.58,7.58,7.75,7.58,7.58,10.0,1800.0,0.12
463,83.17,Arabica,Guatemala,Bourbon,7.67,7.33,7.67,7.5,7.67,10.0,1310.64,0.11
464,83.17,Arabica,Mexico,Typica,7.75,7.58,7.58,7.5,7.42,10.0,1500.0,0.11
465,83.17,Arabica,Mexico,Typica,7.75,7.58,7.5,7.42,7.58,10.0,532.0,0.12
466,83.17,Arabica,Mexico,Pacamara,7.58,7.42,7.67,7.5,7.58,10.0,1089.0,0.14
467,83.17,Arabica,Colombia,Caturra,7.67,7.5,7.5,7.58,8.17,10.0,1775.0,0.11
468,83.17,Arabica,Mexico,Typica,7.75,7.42,7.75,7.58,7.58,10.0,700.0,0.13
469,83.17,Arabica,Colombia,Caturra,7.58,7.5,7.58,7.67,7.67,10.0,1750.0,0.11
470,83.17,Arabica,Mexico,Typica,7.5,7.58,7.58,7.67,7.5,10.0,1380.0,0.11
471,83.17,Arabica,Brazil,Mundo Novo,7.75,7.58,7.5,7.58,7.58,10.0,1000.0,0.12
472,83.17,Arabica,Brazil,Mundo Novo,7.92,7.5,7.58,7.42,7.5,10.0,950.0,0.11
473,83.17,Arabica,Guatemala,Bourbon,7.75,7.67,7.5,7.92,8.0,9.33,1402.08,0.0
474,83.17,Arabica,Brazil,Mundo Novo,7.75,7.58,7.5,7.75,7.5,10.0,1000.0,0.12
478,83.08,Arabica,Colombia,Caturra,7.58,7.33,7.67,7.75,7.58,10.0,1799.0,0.0
480,83.08,Arabica,Brazil,Yellow Bourbon,7.58,7.58,7.5,7.67,7.58,10.0,905.0,0.11
481,83.08,Arabica,Brazil,Yellow Bourbon,7.33,7.67,7.33,7.75,7.42,10.0,1.0,0.0
482,83.08,Arabica,Taiwan,Typica,7.83,7.5,7.83,7.67,7.25,10.0,750.0,0.0
484,83.08,Arabica,Brazil,Bourbon,7.58,7.67,7.42,7.42,7.5,10.0,1200.0,0.0
485,83.08,Arabica,Costa Rica,Catuai,7.83,7.5,7.67,7.58,7.67,10.0,1300.0,0.1
487,83.08,Arabica,Taiwan,Typica,7.75,7.5,7.5,7.5,7.5,10.0,1300.0,0.11
489,83.08,Arabica,Mexico,Other,7.75,7.42,7.75,7.5,7.5,10.0,1400.0,0.1
492,83.08,Arabica,Colombia,Caturra,7.33,7.33,7.58,7.25,8.08,10.0,1775.0,0.01
496,83.0,Arabica,Brazil,Bourbon,7.58,7.5,7.75,7.67,7.5,10.0,890.0,0.0
497,83.0,Arabica,Brazil,Bourbon,7.5,7.58,7.67,7.58,7.5,10.0,894.0,0.11
498,83.0,Arabica,Brazil,Bourbon,7.5,7.58,7.67,7.58,7.42,10.0,872.0,0.11
499,83.0,Arabica,Uganda,Bourbon,7.67,7.42,7.42,7.83,7.5,10.0,1473.0,0.12
500,83.0,Arabica,Uganda,Bourbon,7.67,7.5,7.58,7.42,7.5,10.0,1645.0,0.12
502,83.0,Arabica,Vietnam,Caturra,7.75,7.58,7.58,7.42,7.67,10.0,1550.0,0.0
503,83.0,Arabica,Guatemala,Catuai,7.67,7.33,7.92,7.42,7.5,10.0,1550.0,0.11
504,83.0,Arabica,Guatemala,Catuai,7.75,7.33,7.75,7.5,7.42,10.0,1371.6,0.11
505,83.0,Arabica,Guatemala,Bourbon,7.83,7.25,7.67,7.75,7.5,10.0,1500.0,0.11
506,83.0,Arabica,Brazil,Catuai,7.67,7.67,7.5,7.42,7.5,10.0,1000.0,0.0
507,83.0,Arabica,Taiwan,Typica,7.92,7.83,7.58,7.33,7.25,10.0,1200.0,0.08
508,83.0,Arabica,Uganda,SL14,7.83,7.5,7.5,7.58,7.5,10.0,1800.0,0.12
509,83.0,Arabica,United States (Puerto Rico),Other,7.67,7.67,7.83,7.75,7.83,9.33,853.44,0.0
510,83.0,Arabica,Guatemala,Bourbon,7.67,7.42,7.83,7.5,7.5,10.0,1500.0,0.1
511,83.0,Arabica,Costa Rica,Catuai,7.67,7.5,7.58,7.5,7.5,10.0,1200.0,0.11
512,83.0,Arabica,Brazil,Yellow Bourbon,7.75,7.42,7.67,7.42,7.67,10.0,1250.0,0.12
513,83.0,Arabica,Colombia,Caturra,7.75,7.33,7.5,7.58,7.17,10.0,1775.0,0.11
514,83.0,Arabica,Colombia,Caturra,7.83,7.58,7.33,7.5,7.67,10.0,1750.0,0.0
515,83.0,Arabica,Colombia,Caturra,7.33,7.75,7.42,7.75,7.58,10.0,1000.0,0.11
516,83.0,Arabica,Colombia,Caturra,7.58,7.42,7.67,7.58,7.42,10.0,1000.0,0.0
517,83.0,Arabica,Colombia,Caturra,7.5,7.42,7.58,7.75,7.58,10.0,1775.0,0.11
518,83.0,Arabica,Mexico,Typica,7.67,7.42,7.5,7.67,7.58,10.0,750.0,0.11
519,83.0,Arabica,Mexico,Typica,7.67,7.5,7.58,7.58,7.67,10.0,1200.0,0.11
520,83.0,Arabica,Mexico,Bourbon,7.5,7.5,7.5,7.58,7.58,10.0,1200.0,0.11
522,83.0,Arabica,Colombia,Caturra,7.75,7.5,7.67,7.83,7.75,10.0,1625.0,0.0
523,83.0,Arabica,Colombia,Caturra,7.67,7.58,7.58,7.67,7.42,10.0,1750.0,0.11
524,83.0,Arabica,Guatemala,Bourbon,7.5,7.5,7.67,7.5,7.83,10.0,1371.6,0.1
525,83.0,Arabica,Colombia,Caturra,7.67,7.58,7.5,7.67,7.42,10.0,1775.0,0.12
533,82.92,Arabica,Brazil,Bourbon,7.67,7.5,7.58,7.58,7.5,10.0,890.0,0.0
534,82.92,Arabica,El Salvador,Bourbon,7.5,7.75,7.58,7.92,7.83,9.33,1350.0,0.0
535,82.92,Arabica,Colombia,Caturra,7.58,7.5,7.33,7.67,7.58,10.0,1500.0,0.11
536,82.92,Arabica,Taiwan,Caturra,7.17,7.25,7.67,7.67,7.58,10.0,350.0,0.09
537,82.92,Arabica,Ethiopia,Ethiopian Heirlooms,7.58,7.5,7.5,7.58,7.58,10.0,2000.0,0.0
538,82.92,Arabica,Taiwan,Typica,7.5,7.67,7.33,7.5,7.75,10.0,775.0,0.0
539,82.92,Arabica,Philippines,Other,7.58,7.67,7.58,7.5,7.5,10.0,1200.0,0.11
540,82.92,Arabica,Philippines,Other,8.08,7.67,7.42,7.33,7.5,10.0,1600.0,0.0
541,82.92,Arabica,Mexico,Typica,7.83,7.25,7.58,7.5,7.5,10.0,1059.0,0.13
542,82.92,Arabica,Mexico,Bourbon,7.75,7.42,7.42,7.75,7.5,10.0,1300.0,0.12
543,82.92,Arabica,Brazil,Moka Peaberry,7.08,7.5,7.83,7.75,7.67,10.0,11000.0,0.11
544,82.92,Arabica,Uganda,SL14,8.0,7.5,7.58,7.33,7.42,10.0,1650.0,0.12
545,82.92,Arabica,Uganda,SL14,7.75,7.58,7.5,7.5,7.5,10.0,1400.0,0.12
546,82.92,Arabica,Guatemala,Bourbon,7.75,7.42,7.58,7.67,7.5,10.0,1500.0,0.1
547,82.92,Arabica,Guatemala,Caturra,7.67,7.42,7.5,7.33,7.5,10.0,1500.0,0.1
549,82.92,Arabica,Colombia,Caturra,7.58,7.75,7.33,7.58,7.58,10.0,1900.0,0.11
550,82.92,Arabica,Colombia,Caturra,7.75,7.25,7.5,7.75,7.5,10.0,1750.0,0.0
551,82.92,Arabica,Guatemala,Bourbon,7.83,7.25,7.92,7.5,7.17,10.0,1706.88,0.11
552,82.92,Arabica,Colombia,Other,7.83,7.42,7.42,7.5,7.58,10.0,1450.0,0.11
553,82.92,Arabica,Mexico,Typica,7.58,7.33,7.25,7.58,7.75,10.0,1248.0,0.1
554,82.92,Arabica,Vietnam,Other,7.67,7.17,7.58,8.08,7.42,10.0,1040.0,0.0
555,82.92,Arabica,Mexico,Typica,8.0,7.67,7.17,7.67,7.42,10.0,1400.0,0.14
559,82.83,Arabica,Kenya,SL28,7.75,7.42,7.58,7.5,7.5,10.0,1754.0,0.1
560,82.83,Arabica,Guatemala,Bourbon,7.5,7.33,7.67,7.58,7.58,10.0,1700.0,0.11
561,82.83,Arabica,Brazil,Yellow Bourbon,7.67,7.58,7.5,7.5,7.42,10.0,905.0,0.11
562,82.83,Arabica,El Salvador,Pacas,7.33,7.67,7.83,7.33,7.67,10.0,1250.0,0.0
563,82.83,Arabica,Rwanda,Bourbon,7.83,7.75,7.83,7.75,7.75,9.33,1900.0,0.11
564,82.83,Arabica,Vietnam,Other,7.25,7.5,7.42,7.75,7.42,10.0,1040.0,0.11
565,82.83,Arabica,Guatemala,Bourbon,7.58,7.33,7.67,7.67,7.5,10.0,1219.2,0.11
566,82.83,Arabica,Brazil,Catuai,7.58,7.33,7.67,7.42,7.33,10.0,900.0,0.12
567,82.83,Arabica,Colombia,Other,7.83,7.5,7.58,7.5,7.67,10.0,1600.0,0.0
568,82.83,Arabica,United States,Other,7.42,7.25,7.5,7.75,7.75,10.0,1200.0,0.0
569,82.83,Arabica,Guatemala,Bourbon,7.67,7.75,7.67,7.42,7.17,10.0,1500.0,0.1
570,82.83,Arabica,Colombia,Typica,7.5,7.58,7.5,7.58,7.58,10.0,1800.0,0.0
571,82.83,Arabica,Colombia,Caturra,7.83,7.5,7.42,7.5,7.5,10.0,1775.0,0.11
572,82.83,Arabica,"Tanzania, United Republic Of",Arusha,7.67,7.33,7.25,7.58,7.75,10.0,1400.0,0.11
573,82.83,Arabica,Mexico,Caturra,7.58,7.5,7.58,7.5,7.5,10.0,1550.0,0.12
574,82.83,Arabica,Mexico,Bourbon,7.67,7.42,7.75,7.42,7.42,10.0,1250.0,0.12
575,82.83,Arabica,Guatemala,Bourbon,7.67,7.33,7.5,7.33,7.92,10.0,1310.64,0.11
576,82.83,Arabica,Mexico,Typica,7.58,7.5,7.42,7.67,7.58,10.0,1380.0,0.11
578,82.75,Arabica,Guatemala,Caturra,7.5,7.42,7.67,7.58,7.5,10.0,1100.0,0.1
579,82.75,Arabica,Guatemala,Caturra,7.58,7.5,7.58,7.5,7.42,10.0,1800.0,0.11
580,82.75,Arabica,Guatemala,Bourbon,7.5,7.17,7.67,7.67,7.58,10.0,1700.0,0.11
581,82.75,Arabica,Guatemala,Bourbon,7.5,7.42,7.58,7.67,7.5,10.0,1219.2,0.1
582,82.75,Arabica,Guatemala,Bourbon,7.42,7.42,7.67,7.5,7.5,10.0,1219.2,0.1
583,82.75,Arabica,Indonesia,Sulawesi,7.5,7.42,7.58,7.58,7.5,10.0,1500.0,0.12
584,82.75,Arabica,Guatemala,Bourbon,7.58,7.33,7.58,7.33,7.67,10.0,157.8864,0.12
585,82.75,Arabica,Taiwan,Yellow Bourbon,7.83,7.33,7.67,7.58,7.67,10.0,650.0,0.0
586,82.75,Arabica,El Salvador,Bourbon,7.67,7.17,7.33,7.58,7.67,10.0,1250.0,0.0
587,82.75,Arabica,Costa Rica,Caturra,7.58,7.42,7.67,7.42,7.5,10.0,1850.0,0.09
588,82.75,Arabica,Honduras,Caturra,7.58,7.42,7.58,7.5,7.5,10.0,1400.0,0.09
589,82.75,Arabica,Brazil,Yellow Bourbon,7.5,7.58,7.5,7.58,7.58,10.0,905.0,0.11
590,82.75,Arabica,China,Catimor,7.67,7.33,7.33,7.67,7.67,10.0,1100.0,0.1
591,82.75,Arabica,China,Catimor,7.5,7.42,7.67,7.5,7.5,10.0,1500.0,0.11
592,82.75,Arabica,Colombia,Caturra,7.5,7.58,7.75,7.33,7.5,10.0,1775.0,0.0
593,82.75,Arabica,Malawi,Gesha,7.75,7.42,7.5,7.33,7.5,10.0,1442.0,0.12
594,82.75,Arabica,Guatemala,Pacas,7.75,7.25,7.75,7.5,7.67,10.0,1524.0,0.13
595,82.75,Arabica,Colombia,Typica,7.67,7.42,7.58,7.33,7.67,10.0,165.0,0.12
598,82.75,Arabica,Colombia,Caturra,7.58,7.17,7.33,7.25,8.58,10.0,1300.0,0.1
599,82.75,Arabica,Mexico,Typica,7.58,7.5,7.5,7.5,7.5,10.0,1550.0,0.12
600,82.75,Arabica,Mexico,Typica,7.58,7.33,7.75,7.25,7.58,10.0,1200.0,0.12
601,82.75,Arabica,Mexico,Typica,8.08,8.0,8.0,7.83,7.92,10.0,1200.0,0.12
602,82.75,Arabica,Colombia,Caturra,7.5,7.42,7.67,7.5,7.58,10.0,1625.0,0.0
603,82.75,Arabica,Colombia,Caturra,7.67,7.58,7.58,7.5,7.42,10.0,1775.0,0.11
605,82.75,Arabica,Panama,Catuai,7.42,7.5,7.58,7.5,7.75,10.0,1100.0,0.0
607,82.67,Arabica,Brazil,Bourbon,7.5,7.25,7.75,7.58,7.5,10.0,890.0,0.0
608,82.67,Arabica,Brazil,Bourbon,7.5,7.5,7.67,7.5,7.42,10.0,934.0,0.11
609,82.67,Arabica,Laos,Catimor,7.67,7.42,7.42,7.42,7.5,10.0,1300.0,0.13
610,82.67,Arabica,El Salvador,Pacas,7.67,7.67,7.67,7.5,7.67,9.33,1200.0,0.0
613,82.67,Arabica,Brazil,Yellow Bourbon,7.58,7.42,7.67,7.5,7.5,10.0,1.0,0.0
615,82.67,Arabica,"Tanzania, United Republic Of",Other,7.5,7.5,7.5,7.5,7.58,10.0,1700.0,0.12
616,82.67,Arabica,"Tanzania, United Republic Of",Bourbon,7.58,7.5,7.58,7.33,7.58,10.0,1550.0,0.12
617,82.67,Arabica,Taiwan,Typica,8.0,7.83,7.42,7.25,7.25,10.0,1200.0,0.08
618,82.67,Arabica,Mexico,Typica,7.67,7.42,7.5,7.42,7.5,10.0,1296.0,0.11
619,82.67,Arabica,Uganda,SL14,7.67,7.33,7.67,7.5,7.5,10.0,1650.0,0.12
620,82.67,Arabica,Taiwan,Typica,7.67,7.5,7.5,7.5,7.5,10.0,1240.0,0.11
621,82.67,Arabica,Thailand,Caturra,7.42,7.5,7.67,7.58,7.5,10.0,1500.0,0.11
622,82.67,Arabica,Colombia,Caturra,7.75,7.67,7.25,7.58,7.42,10.0,1800.0,0.11
624,82.67,Arabica,Guatemala,Caturra,7.67,7.17,7.67,7.5,7.5,10.0,1500.0,0.11
626,82.67,Arabica,Mexico,Other,7.58,7.42,7.58,7.42,7.5,10.0,1100.0,0.11
627,82.67,Arabica,Mexico,Typica,7.5,7.58,7.58,7.42,7.42,10.0,950.0,0.12
630,82.67,Arabica,Mexico,Blue Mountain,7.75,7.25,7.75,7.67,7.58,10.0,1400.0,0.0
633,82.58,Arabica,Guatemala,Bourbon,7.5,7.42,7.75,7.5,7.5,10.0,1219.2,0.1
634,82.58,Arabica,Taiwan,Typica,7.67,7.5,7.42,7.58,7.5,10.0,1050.0,0.11
638,82.58,Arabica,Indonesia,Typica,7.83,7.42,7.33,7.42,7.5,10.0,1250.0,0.13
640,82.58,Arabica,Thailand,Caturra,7.42,7.58,7.42,7.58,7.5,10.0,1450.0,0.12
641,82.58,Arabica,"Tanzania, United Republic Of",Other,7.75,7.33,7.5,7.58,7.5,10.0,1317.0,0.12
642,82.58,Arabica,Uganda,SL14,7.83,7.42,7.58,7.42,7.42,10.0,1650.0,0.12
643,82.58,Arabica,Costa Rica,Catuai,7.67,7.5,7.67,7.0,7.75,10.0,1300.0,0.11
646,82.58,Arabica,Colombia,Caturra,7.75,7.33,7.42,7.5,7.83,10.0,1750.0,0.11
647,82.58,Arabica,Colombia,Caturra,7.75,7.75,7.25,7.33,7.58,10.0,1750.0,0.11
648,82.58,Arabica,Colombia,Caturra,7.58,7.42,7.58,7.67,7.42,10.0,1750.0,0.11
649,82.58,Arabica,Mexico,Typica,7.5,7.5,7.5,7.42,7.5,10.0,1250.0,0.1
650,82.58,Arabica,Mexico,Typica,7.67,7.58,7.75,7.67,6.83,10.0,1150.0,0.12
651,82.58,Arabica,Colombia,Caturra,7.33,7.58,7.42,7.67,7.5,10.0,1775.0,0.11
652,82.58,Arabica,Brazil,Mundo Novo,7.58,7.33,7.75,7.5,7.5,10.0,975.0,0.0
653,82.5,Arabica,Brazil,Bourbon,7.5,7.5,7.5,7.58,7.5,10.0,890.0,0.11
654,82.5,Arabica,Indonesia,Other,7.83,7.25,7.5,7.42,7.33,10.0,1250.0,0.11
655,82.5,Arabica,Honduras,Caturra,7.58,7.33,7.5,7.5,7.5,10.0,1400.0,0.1
656,82.5,Arabica,Guatemala,Bourbon,7.5,7.33,7.5,7.67,7.5,10.0,1219.2,0.1
658,82.5,Arabica,Thailand,Caturra,7.33,7.5,7.5,7.67,7.5,10.0,1450.0,0.11
659,82.5,Arabica,"Tanzania, United Republic Of",Other,7.67,7.33,7.58,7.5,7.5,10.0,1600.0,0.12
661,82.5,Arabica,Mexico,Other,7.42,7.5,7.67,7.25,7.5,10.0,1600.0,0.0
662,82.5,Arabica,Brazil,Yellow Bourbon,7.42,7.67,7.33,7.42,7.67,10.0,1260.0,0.11
663,82.5,Arabica,Guatemala,Bourbon,7.83,7.33,7.67,7.42,7.5,10.0,1310.64,0.12
664,82.5,Arabica,Colombia,Caturra,7.5,7.42,7.42,7.58,7.58,10.0,1750.0,0.11
665,82.5,Arabica,Guatemala,Bourbon,7.83,7.17,7.33,7.5,7.67,10.0,1310.64,0.11
666,82.5,Arabica,Mexico,Typica,7.5,7.5,7.5,7.42,7.42,10.0,1679.0,0.13
667,82.5,Arabica,Mexico,Typica,7.67,7.33,7.67,7.5,7.33,10.0,1100.0,0.12
668,82.5,Arabica,Mexico,Typica,7.92,7.33,7.58,7.25,7.42,10.0,1650.0,0.11
670,82.5,Arabica,Brazil,Bourbon,7.67,7.33,7.67,7.5,7.5,10.0,1250.0,0.0
671,82.5,Arabica,Colombia,Caturra,7.67,7.33,7.5,7.25,7.67,10.0,1775.0,0.11
674,82.42,Arabica,Honduras,Other,7.42,7.17,7.58,7.58,7.5,10.0,1500.0,0.12
675,82.42,Arabica,Guatemala,Bourbon,7.58,7.33,7.75,7.33,7.5,10.0,1700.0,0.1
676,82.42,Arabica,Guatemala,Bourbon,7.67,7.25,7.67,7.42,7.33,10.0,1700.0,0.12
677,82.42,Arabica,Guatemala,Bourbon,7.58,7.25,7.67,7.5,7.5,10.0,157.8864,0.12
679,82.42,Arabica,Colombia,Caturra,5.08,7.83,7.75,7.83,8.08,10.0,1600.0,0.11
680,82.42,Arabica,China,Catimor,7.67,7.42,7.5,7.42,7.42,10.0,1600.0,0.1
682,82.42,Arabica,"Tanzania, United Republic Of",Ruiru 11,7.67,7.42,7.42,7.67,7.42,10.0,2285.0,0.13
683,82.42,Arabica,Brazil,Yellow Bourbon,7.17,7.33,7.5,7.75,7.42,10.0,1.0,0.0
684,82.42,Arabica,Guatemala,Caturra,7.5,7.5,7.67,7.42,7.5,10.0,1400.0,0.1
685,82.42,Arabica,Mexico,Typica,7.42,7.42,7.58,7.42,7.5,10.0,1296.0,0.11
686,82.42,Arabica,Brazil,Catuai,7.58,7.33,7.5,7.5,7.42,10.0,1000.0,0.12
688,82.42,Arabica,Brazil,Yellow Bourbon,7.25,7.25,7.5,7.42,7.5,10.0,1260.0,0.0
689,82.42,Arabica,Mexico,Bourbon,7.5,7.5,7.92,7.42,7.67,10.0,1170.0,0.12
691,82.42,Arabica,Colombia,Caturra,7.67,7.33,7.5,7.58,7.5,10.0,1775.0,0.11
692,82.42,Arabica,Mexico,Typica,7.5,7.42,7.67,7.42,7.58,10.0,1560.0,0.12
693,82.42,Arabica,Mexico,Typica,7.42,7.5,7.42,7.58,7.5,10.0,1400.0,0.13
694,82.42,Arabica,Mexico,Typica,7.42,7.33,7.58,7.5,7.5,10.0,1300.0,0.14
695,82.42,Arabica,Mexico,Caturra,7.75,7.25,7.58,7.58,7.33,10.0,1170.0,0.13
696,82.42,Arabica,Mexico,Typica,7.5,7.33,7.5,7.5,7.5,10.0,1300.0,0.11
697,82.42,Arabica,Mexico,Pacamara,7.58,7.17,7.5,7.5,7.5,10.0,1350.0,0.14
698,82.42,Arabica,Mexico,Caturra,7.58,7.33,7.58,7.5,7.5,10.0,1150.0,0.11
699,82.42,Arabica,Mexico,Bourbon,7.67,7.33,7.42,7.58,7.33,10.0,1250.0,0.13
700,82.42,Arabica,Mexico,Typica,7.83,7.42,7.67,7.17,7.33,10.0,1450.0,0.12
701,82.42,Arabica,Colombia,Caturra,7.67,7.25,7.42,7.5,7.67,10.0,442.0,0.0
703,82.42,Arabica,Colombia,Caturra,7.33,7.17,7.58,7.42,7.58,10.0,1750.0,0.0
705,82.33,Arabica,Honduras,Caturra,7.5,7.33,7.5,7.42,7.42,10.0,1396.0,0.1
706,82.33,Arabica,Brazil,Catuai,7.33,7.5,7.33,7.5,7.5,10.0,982.0,0.11
708,82.33,Arabica,Brazil,Bourbon,7.5,7.42,7.5,7.42,7.5,10.0,934.0,0.11
709,82.33,Arabica,Costa Rica,Caturra,7.75,7.25,7.25,7.42,7.67,10.0,1850.0,0.1
710,82.33,Arabica,Costa Rica,Catuai,7.75,7.5,7.5,7.33,7.58,10.0,1550.0,0.0
711,82.33,Arabica,China,Catimor,7.5,7.42,7.5,7.42,7.42,10.0,1580.0,0.12
712,82.33,Arabica,Brazil,Bourbon,8.25,7.25,8.33,8.17,8.08,10.0,1268.0,0.07
714,82.33,Arabica,Guatemala,Bourbon,7.5,7.17,7.83,7.5,7.5,10.0,1676.4,0.1
715,82.33,Arabica,Malawi,Gesha,7.33,7.42,7.58,7.33,7.5,10.0,1450.0,0.12
716,82.33,Arabica,Brazil,Bourbon,7.75,7.67,8.08,8.08,8.0,6.67,1100.0,0.11
717,82.33,Arabica,Guatemala,Pacas,7.58,7.5,7.58,7.75,7.5,10.0,1524.0,0.12
719,82.33,Arabica,Colombia,Caturra,7.42,7.5,7.17,7.08,8.33,10.0,1300.0,0.1
720,82.33,Arabica,Taiwan,Typica,7.5,7.5,7.5,7.5,7.5,10.0,200.0,0.11
721,82.33,Arabica,Taiwan,Typica,7.5,7.5,7.5,7.5,7.5,10.0,600.0,0.11
722,82.33,Arabica,Guatemala,Bourbon,7.5,7.58,7.5,7.5,7.58,10.0,1310.64,0.12
723,82.33,Arabica,Colombia,Caturra,7.5,7.5,7.5,7.5,7.58,10.0,1750.0,0.0
724,82.33,Arabica,Mexico,Typica,7.67,7.42,7.5,7.42,7.42,10.0,1300.0,0.12
726,82.33,Arabica,Guatemala,Bourbon,7.67,7.33,7.67,7.5,7.33,10.0,1752.6,0.11
727,82.33,Arabica,Mexico,Typica,7.58,7.58,7.33,7.0,7.58,10.0,441.0,0.15
728,82.33,Arabica,Mexico,Bourbon,7.67,7.5,7.58,7.5,7.5,10.0,1170.0,0.13
729,82.33,Arabica,Guatemala,Bourbon,7.5,7.33,7.5,7.33,7.5,10.0,1310.64,0.1
730,82.33,Arabica,Brazil,Mundo Novo,7.58,7.42,7.5,7.5,7.42,10.0,1100.0,0.12
731,82.33,Arabica,Mexico,Typica,8.0,7.33,7.33,7.08,7.67,10.0,1300.0,0.11
732,82.33,Arabica,Brazil,Mundo Novo,7.58,7.25,7.58,7.42,7.5,10.0,950.0,0.11
733,82.33,Arabica,Colombia,Caturra,7.83,7.33,7.25,7.58,7.42,10.0,442.0,0.0
734,82.25,Arabica,Brazil,Catuai,7.58,7.25,7.42,7.67,7.33,10.0,1100.0,0.09
736,82.25,Arabica,Guatemala,Pacas,7.67,7.25,7.67,7.42,7.42,10.0,1450.0,0.11
737,82.25,Arabica,Brazil,Yellow Bourbon,7.42,7.5,7.08,7.5,7.42,10.0,1.0,0.0
738,82.25,Arabica,El Salvador,Bourbon,7.58,7.5,7.67,7.83,8.42,9.33,1500.0,0.12
739,82.25,Arabica,Honduras,Catuai,7.58,7.42,7.58,7.42,7.42,10.0,1350.0,0.11
740,82.25,Arabica,Malawi,Gesha,7.58,7.33,7.42,7.58,7.5,10.0,1180.0,0.13
741,82.25,Arabica,Brazil,Bourbon,7.75,7.42,7.42,7.33,7.33,10.0,1100.0,0.11
742,82.25,Arabica,Taiwan,Typica,7.5,7.5,7.5,7.5,7.5,10.0,650.0,0.11
743,82.25,Arabica,Mexico,Mundo Novo,7.58,7.42,7.42,7.42,7.42,10.0,1338.0,0.12
745,82.25,Arabica,Mexico,Bourbon,7.58,7.5,7.17,7.42,7.42,10.0,533.0,0.16
746,82.25,Arabica,Guatemala,Bourbon,7.5,7.33,7.58,7.67,7.33,10.0,1390.8024,0.11
747,82.25,Arabica,Mexico,Bourbon,7.5,7.42,7.67,7.33,7.42,10.0,1170.0,0.13
748,82.25,Arabica,Mexico,Typica,7.67,7.33,7.5,7.42,7.42,10.0,1250.0,0.12
750,82.25,Arabica,Mexico,Typica,7.33,7.42,7.67,7.33,7.5,10.0,1100.0,0.11
751,82.25,Arabica,Mexico,Typica,7.42,7.42,7.58,7.42,7.5,10.0,900.0,0.1
752,82.25,Arabica,Colombia,Caturra,7.5,7.67,7.33,7.58,7.33,10.0,1750.0,0.12
753,82.25,Arabica,Colombia,Caturra,7.67,7.33,7.33,7.5,7.5,10.0,1775.0,0.11
756,82.17,Arabica,Brazil,Bourbon,7.42,7.5,7.42,7.42,7.5,10.0,934.0,0.11
757,82.17,Arabica,Honduras,Caturra,7.5,7.17,7.42,7.5,7.5,10.0,1500.0,0.11
759,82.17,Arabica,"Tanzania, United Republic Of",Bourbon,7.58,7.42,7.33,7.5,7.42,10.0,1650.0,0.13
760,82.17,Arabica,"Tanzania, United Republic Of",Other,7.42,7.42,7.5,7.5,7.33,10.0,1600.0,0.12
761,82.17,Arabica,Brazil,Yellow Bourbon,6.92,7.42,7.33,7.83,7.5,10.0,1.0,0.0
763,82.17,Arabica,Honduras,Catuai,7.67,7.25,7.42,7.58,7.42,10.0,1350.0,0.11
764,82.17,Arabica,Guatemala,Bourbon,7.42,7.5,7.5,7.42,7.5,10.0,1500.0,0.09
766,82.17,Arabica,"Tanzania, United Republic Of",Other,7.75,7.42,7.58,7.33,7.42,10.0,1700.0,0.12
767,82.17,Arabica,Mexico,Other,7.42,7.17,7.42,7.33,8.17,10.0,1100.0,0.12
768,82.17,Arabica,Mexico,Other,7.5,7.33,7.42,7.5,7.42,10.0,1400.0,0.1
769,82.17,Arabica,Taiwan,Typica,7.5,7.5,7.5,7.5,7.5,10.0,1200.0,0.11
770,82.17,Arabica,Taiwan,Typica,7.67,7.5,7.17,7.17,7.58,10.0,800.0,0.0
771,82.17,Arabica,Colombia,Caturra,7.33,7.25,7.58,7.75,7.5,10.0,1750.0,0.0
772,82.17,Arabica,Mexico,Typica,7.5,7.0,7.5,7.33,7.5,10.0,1144.0,0.15
773,82.17,Arabica,Guatemala,Caturra,7.25,7.0,7.75,8.17,7.75,9.33,1350.0,0.12
774,82.17,Arabica,Mexico,Typica,7.5,7.25,7.5,7.5,7.33,10.0,1000.0,0.12
775,82.17,Arabica,Mexico,Typica,7.0,7.5,7.5,7.42,7.5,10.0,1200.0,0.1
777,82.08,Arabica,Indonesia,Bourbon,7.5,7.42,7.42,7.5,7.42,10.0,1300.0,0.15
779,82.08,Arabica,Brazil,Bourbon,7.42,7.42,7.5,7.42,7.25,10.0,894.0,0.11
780,82.08,Arabica,Brazil,Yellow Bourbon,7.25,7.58,7.58,7.25,7.92,10.0,1.0,0.0
781,82.08,Arabica,Costa Rica,Caturra,7.75,7.42,7.25,7.17,7.42,10.0,1300.0,0.0
782,82.08,Arabica,"Tanzania, United Republic Of",Bourbon,7.42,7.42,7.42,7.5,7.58,10.0,1500.0,0.12
783,82.08,Arabica,"Tanzania, United Republic Of",Other,7.42,7.5,7.33,7.33,7.5,10.0,1600.0,0.12
785,82.08,Arabica,Costa Rica,Caturra,7.58,7.33,7.33,7.5,7.67,10.0,13.0,0.11
787,82.08,Arabica,Mexico,Typica,7.42,7.5,7.33,7.42,7.42,10.0,1300.0,0.13
788,82.08,Arabica,Mexico,Typica,7.5,7.42,7.5,7.25,7.5,10.0,1800.0,0.13
789,82.08,Arabica,Mexico,Typica,7.67,7.25,7.58,7.42,7.33,10.0,1250.0,0.11
790,82.08,Arabica,Vietnam,Other,7.67,7.17,7.08,7.67,7.08,10.0,1040.0,0.12
791,82.08,Arabica,Mexico,Typica,7.58,7.25,7.75,7.33,7.42,10.0,1250.0,0.11
794,82.0,Arabica,Honduras,Caturra,7.5,7.17,7.5,7.5,7.42,10.0,1600.0,0.12
795,82.0,Arabica,Honduras,Caturra,7.5,7.25,7.33,7.42,7.5,10.0,1600.0,0.1
796,82.0,Arabica,Brazil,Bourbon,7.5,7.42,7.5,7.33,7.42,10.0,944.0,0.11
797,82.0,Arabica,"Tanzania, United Republic Of",Other,7.67,7.33,7.42,7.42,7.42,10.0,1650.0,0.13
798,82.0,Arabica,Laos,Other,7.42,7.25,7.33,7.5,7.5,10.0,1250.0,0.12
799,82.0,Arabica,"Tanzania, United Republic Of",Other,7.42,7.33,7.58,7.33,7.42,10.0,1350.0,0.12
800,82.0,Arabica,Malawi,Gesha,7.5,7.33,7.58,7.33,7.5,10.0,2500.0,0.13
801,82.0,Arabica,Taiwan,Typica,7.33,7.17,7.42,7.5,7.33,10.0,600.0,0.09
803,82.0,Arabica,Costa Rica,Catuai,7.5,7.33,7.33,7.75,7.5,10.0,1300.0,0.1
804,82.0,Arabica,Honduras,Caturra,7.33,7.33,7.5,7.5,7.83,10.0,1400.0,0.11
805,82.0,Arabica,Colombia,Caturra,7.33,7.58,7.5,7.5,7.58,10.0,1900.0,0.11
806,82.0,Arabica,Taiwan,Typica,7.42,7.33,7.42,8.0,7.5,10.0,650.0,0.12
807,82.0,Arabica,Brazil,Mundo Novo,7.33,7.42,7.17,7.33,7.42,10.0,1038.5,0.11
808,82.0,Arabica,Mexico,Typica,7.67,7.25,7.5,7.42,7.42,10.0,940.0,0.12
809,82.0,Arabica,Brazil,Mundo Novo,7.42,7.33,7.5,7.33,7.5,10.0,1000.0,0.12
810,82.0,Arabica,Brazil,Catuai,7.42,7.25,7.5,7.5,7.42,10.0,1050.0,0.11
812,82.0,Arabica,Brazil,Mundo Novo,7.58,7.17,7.5,7.5,7.42,10.0,950.0,0.12
813,82.0,Arabica,Guatemala,Bourbon,7.75,7.33,7.42,7.75,7.67,9.33,1402.08,0.0
814,82.0,Arabica,Colombia,Caturra,7.33,7.08,7.42,7.5,7.67,10.0,1775.0,0.07
815,81.92,Arabica,Guatemala,Bourbon,7.58,7.25,7.58,7.58,7.5,10.0,1901.0,0.1
816,81.92,Arabica,Guatemala,Bourbon,7.5,7.25,7.42,7.42,7.42,10.0,1219.2,0.11
817,81.92,Arabica,Honduras,Caturra,7.58,7.25,7.33,7.42,7.5,10.0,1400.0,0.12
818,81.92,Arabica,Brazil,Catuai,7.42,7.33,7.5,7.5,7.33,10.0,1020.0,0.11
819,81.92,Arabica,El Salvador,Bourbon,7.67,7.33,7.5,7.5,7.67,9.33,1250.0,0.11
820,81.92,Arabica,Guatemala,Catuai,7.58,7.17,7.83,7.17,7.33,10.0,1550.0,0.11
821,81.92,Arabica,"Tanzania, United Republic Of",Other,7.33,7.33,7.42,7.5,7.58,10.0,1877.0,0.12
823,81.92,Arabica,Zambia,SL28,7.67,7.42,7.33,7.75,7.42,10.0,1250.0,0.0
825,81.92,Arabica,Taiwan,Typica,7.5,7.42,7.25,7.5,7.5,10.0,1000.0,0.11
826,81.92,Arabica,Mexico,Bourbon,7.58,7.25,7.58,7.5,7.25,10.0,1300.0,0.12
827,81.92,Arabica,Mexico,Typica,7.5,7.25,7.25,7.5,7.5,10.0,981.0,0.13
828,81.92,Arabica,Mexico,Mundo Novo,7.5,7.25,7.5,7.33,7.33,10.0,690.0,0.14
829,81.92,Arabica,Mexico,Other,7.33,7.17,7.58,7.42,7.33,10.0,1650.0,0.12
830,81.92,Arabica,Mexico,Bourbon,7.67,7.33,7.83,7.5,7.5,10.0,1000.0,0.12
831,81.92,Arabica,Brazil,Mundo Novo,7.42,7.25,7.5,7.33,7.5,10.0,1100.0,0.12
833,81.83,Arabica,Guatemala,Bourbon,7.42,7.25,7.5,7.33,7.42,10.0,157.8864,0.1
834,81.83,Arabica,Costa Rica,Catuai,7.25,7.5,7.33,7.67,7.42,10.0,1900.0,0.0
835,81.83,Arabica,Brazil,Mundo Novo,7.42,7.42,7.5,7.42,7.25,10.0,973.0,0.11
836,81.83,Arabica,Indonesia,Other,7.75,7.58,7.75,7.92,7.83,10.0,1250.0,0.11
837,81.83,Arabica,Guatemala,Bourbon,7.58,7.33,7.42,7.58,7.25,10.0,3280.0,0.1
838,81.83,Arabica,Brazil,Yellow Bourbon,7.17,6.83,7.5,7.75,7.25,10.0,1.0,0.0
839,81.83,Arabica,Brazil,Yellow Bourbon,7.58,6.92,6.92,7.67,7.5,10.0,1.0,0.0
840,81.83,Arabica,Myanmar,Catuai,7.33,7.5,7.42,7.33,7.33,10.0,4001.0,0.0
841,81.83,Arabica,Mexico,Catuai,7.58,7.33,7.5,7.17,7.33,10.0,1425.0,0.11
842,81.83,Arabica,Honduras,Catuai,7.5,7.33,7.5,7.42,7.25,10.0,1400.0,0.12
843,81.83,Arabica,Costa Rica,Caturra,7.67,7.5,7.25,7.08,7.42,10.0,1300.0,0.09
844,81.83,Arabica,Taiwan,Typica,7.67,7.17,7.25,7.75,7.33,10.0,700.0,0.0
845,81.83,Arabica,Indonesia,Typica,7.42,7.42,7.33,7.42,7.42,10.0,1300.0,0.11
846,81.83,Arabica,Malawi,Gesha,7.58,7.33,7.33,7.33,7.42,10.0,1556.0,0.13
847,81.83,Arabica,Brazil,Bourbon,7.33,7.25,7.17,7.83,7.33,10.0,1100.0,0.11
848,81.83,Arabica,Honduras,Caturra,7.5,7.33,7.33,7.33,7.33,10.0,1350.0,0.1
849,81.83,Arabica,Mexico,Typica,7.42,7.25,7.5,7.33,7.42,10.0,1550.0,0.11
850,81.83,Arabica,Colombia,Caturra,7.5,7.0,7.42,7.5,7.58,10.0,1775.0,0.0
852,81.83,Arabica,Brazil,Bourbon,7.75,7.5,7.42,7.83,7.75,9.33,1250.0,0.12
853,81.83,Arabica,Guatemala,Bourbon,7.83,7.33,7.33,7.67,7.83,9.33,1310.64,0.11
854,81.83,Arabica,Mexico,Bourbon,7.83,7.25,7.58,7.25,7.33,10.0,1500.0,0.12
855,81.83,Arabica,Mexico,Typica,7.33,7.25,7.5,7.5,7.5,10.0,1250.0,0.12
856,81.83,Arabica,Brazil,Mundo Novo,7.33,7.25,7.5,7.5,7.25,10.0,925.0,0.02
859,81.75,Arabica,Guatemala,Bourbon,7.5,7.25,7.42,7.42,7.33,10.0,1700.0,0.11
860,81.75,Arabica,Vietnam,Caturra,7.0,7.33,7.5,7.5,7.33,10.0,1040.0,0.12
861,81.75,Arabica,"Tanzania, United Republic Of",Other,7.42,7.42,7.42,7.33,7.33,10.0,1600.0,0.12
863,81.75,Arabica,Mexico,Bourbon,7.5,7.33,7.42,7.25,7.25,10.0,774.0,0.13
864,81.75,Arabica,Mexico,Mundo Novo,7.42,7.17,7.67,7.33,7.42,10.0,1250.0,0.13
865,81.75,Arabica,Mexico,Typica,7.42,7.33,7.58,7.33,7.33,10.0,1100.0,0.11
866,81.75,Arabica,Mexico,Caturra,7.33,7.33,7.67,7.42,7.25,10.0,1550.0,0.12
867,81.75,Arabica,Mexico,Typica,7.5,7.25,7.33,7.67,7.25,10.0,1650.0,0.12
868,81.75,Arabica,Colombia,Caturra,7.33,7.33,7.33,7.5,7.67,10.0,1750.0,0.0
870,81.67,Arabica,Brazil,Bourbon,7.42,7.25,7.5,7.5,7.25,10.0,890.0,0.11
871,81.67,Arabica,Guatemala,Bourbon,7.42,7.08,7.42,7.33,7.42,10.0,1700.0,0.1
872,81.67,Arabica,Guatemala,Bourbon,7.42,7.17,7.67,7.33,7.42,10.0,1219.2,0.12
873,81.67,Arabica,Honduras,Catuai,7.58,7.33,7.33,7.42,7.25,10.0,1450.0,0.11
877,81.67,Arabica,Brazil,Yellow Bourbon,7.25,6.92,7.42,7.5,7.58,10.0,1.0,0.0
878,81.67,Arabica,"Tanzania, United Republic Of",Other,7.42,7.25,7.42,7.5,7.42,10.0,1500.0,0.12
879,81.67,Arabica,"Tanzania, United Republic Of",Other,7.33,7.5,7.25,7.42,7.33,10.0,1700.0,0.12
880,81.67,Arabica,Brazil,Bourbon,7.25,7.25,7.5,7.5,7.42,10.0,1260.0,0.1
882,81.67,Arabica,Honduras,Caturra,7.5,7.5,7.5,7.17,7.17,10.0,1400.0,0.1
883,81.67,Arabica,Costa Rica,Caturra,7.5,7.17,7.17,7.5,7.08,10.0,1850.0,0.11
885,81.67,Arabica,Taiwan,Typica,7.5,7.5,7.25,7.42,7.25,10.0,150.0,0.11
886,81.67,Arabica,Taiwan,Typica,7.58,7.33,7.42,7.33,7.33,10.0,750.0,0.11
887,81.67,Arabica,Mexico,Typica,7.5,7.08,7.58,7.33,7.33,10.0,1400.0,0.12
888,81.67,Arabica,Guatemala,Bourbon,7.5,7.33,7.33,7.33,7.33,10.0,1752.6,0.11
889,81.67,Arabica,Mexico,Typica,7.25,7.58,7.67,7.67,7.58,10.0,1650.0,0.13
890,81.67,Arabica,Mexico,Bourbon,7.67,7.17,7.75,7.5,7.25,10.0,1400.0,0.11
891,81.67,Arabica,Mexico,Bourbon,7.5,7.33,7.42,7.42,7.42,10.0,1200.0,0.11
892,81.67,Arabica,Mexico,Bourbon,7.58,7.25,7.58,7.25,7.17,10.0,1400.0,0.11
893,81.67,Arabica,Mexico,Caturra,7.75,7.25,7.17,7.58,7.33,10.0,940.0,0.11
895,81.58,Arabica,Honduras,Catimor,7.5,7.08,7.42,7.5,7.33,10.0,1200.0,0.11
896,81.58,Arabica,Guatemala,Bourbon,7.42,7.08,7.5,7.42,7.33,10.0,190164.0,0.12
897,81.58,Arabica,Taiwan,Typica,7.42,7.25,7.67,7.33,7.25,10.0,800.0,0.1
898,81.58,Arabica,Costa Rica,Caturra,7.58,7.5,7.17,7.08,7.58,10.0,13.0,0.12
899,81.58,Arabica,"Tanzania, United Republic Of",Other,7.42,7.33,7.42,7.42,7.33,10.0,1800.0,0.12
900,81.58,Arabica,Malawi,Gesha,7.42,7.17,7.58,7.33,7.33,10.0,1100.0,0.13
901,81.58,Arabica,Taiwan,Typica,7.33,7.08,7.08,8.33,8.25,9.33,850.0,0.0
902,81.58,Arabica,Brazil,Yellow Bourbon,7.42,7.33,7.33,7.5,7.25,10.0,1260.0,0.12
903,81.58,Arabica,Guatemala,Bourbon,7.42,7.17,7.58,7.42,7.5,10.0,1310.64,0.12
904,81.58,Arabica,Mexico,Typica,7.67,7.42,7.5,6.75,7.42,10.0,1400.0,0.12
905,81.58,Arabica,Mexico,Marigojipe,7.33,7.25,7.5,7.5,7.17,10.0,1600.0,0.11
906,81.58,Arabica,Mexico,Typica,7.67,7.42,7.58,7.58,7.42,8.67,1650.0,0.11
910,81.5,Arabica,Guatemala,Bourbon,7.67,7.17,7.42,7.33,7.42,10.0,1219.2,0.1
911,81.5,Arabica,Nicaragua,Caturra,7.5,7.33,7.33,7.25,7.33,10.0,1100.0,0.11
912,81.5,Arabica,Honduras,Caturra,7.5,7.33,7.42,7.17,7.25,10.0,1400.0,0.1
914,81.5,Arabica,Taiwan,Typica,7.5,7.33,7.08,7.58,7.25,10.0,180.0,0.12
915,81.5,Arabica,Myanmar,Catuai,7.25,7.25,7.5,7.33,7.33,10.0,1219.2,0.0
916,81.5,Arabica,Costa Rica,Caturra,7.83,7.08,7.08,7.33,7.5,10.0,1200.0,0.12
917,81.5,Arabica,Malawi,Gesha,7.67,6.92,7.5,7.5,7.17,10.0,1599.0,0.12
918,81.5,Arabica,Guatemala,Other,7.5,7.17,7.58,7.25,7.42,10.0,1219.2,0.12
919,81.5,Arabica,Taiwan,Typica,7.42,7.67,7.33,7.42,7.5,9.33,900.0,0.11
920,81.5,Arabica,Brazil,Yellow Bourbon,7.58,7.5,7.67,7.67,7.83,9.33,1200.0,0.0
921,81.5,Arabica,Haiti,Blue Mountain,7.42,7.25,7.42,7.42,7.33,10.0,825.0,0.11
922,81.5,Arabica,Taiwan,Typica,7.5,7.25,7.25,7.33,7.33,10.0,600.0,0.11
923,81.5,Arabica,Mexico,Typica,7.33,7.17,7.42,7.5,7.5,10.0,1150.0,0.13
924,81.5,Arabica,Mexico,Typica,7.58,7.25,7.42,7.33,7.33,10.0,1600.0,0.12
925,81.5,Arabica,Mexico,Catuai,7.42,7.17,7.42,7.17,8.0,10.0,1100.0,0.12
926,81.5,Arabica,Mexico,Typica,7.33,7.33,7.33,7.33,7.42,10.0,1000.0,0.11
927,81.5,Arabica,Mexico,Bourbon,7.42,7.33,7.17,7.25,7.42,10.0,1250.0,0.13
928,81.5,Arabica,Mexico,Typica,7.5,7.25,7.5,7.42,7.58,10.0,1100.0,0.11
929,81.5,Arabica,Indonesia,Other,7.75,7.17,7.33,7.58,7.33,10.0,1400.0,0.12
930,81.5,Arabica,Brazil,Bourbon,7.5,7.17,7.42,7.5,7.33,10.0,125.0,0.12
934,81.42,Arabica,Mexico,Mundo Novo,7.58,7.08,7.33,7.5,7.33,10.0,1100.0,0.12
935,81.42,Arabica,Guatemala,Catuai,7.42,7.08,7.58,7.33,7.25,10.0,1371.6,0.1
936,81.42,Arabica,Brazil,Catuai,7.33,7.5,7.33,6.83,7.42,10.0,1100.0,0.11
937,81.42,Arabica,Honduras,Catuai,7.5,7.17,7.25,7.5,7.42,10.0,1400.0,0.12
938,81.42,Arabica,Taiwan,Typica,7.83,7.42,7.17,7.08,7.08,10.0,110.0,0.12
939,81.42,Arabica,Malawi,Gesha,7.58,7.33,7.42,7.08,7.42,10.0,1422.0,0.12
940,81.42,Arabica,Brazil,Bourbon,7.25,7.42,7.17,7.33,7.33,10.0,1100.0,0.0
941,81.42,Arabica,Guatemala,Bourbon,7.42,7.17,7.42,7.42,7.42,10.0,1550.0,0.1
942,81.42,Arabica,Mexico,Typica,7.67,7.25,7.17,7.25,7.42,10.0,1550.0,0.0
944,81.42,Arabica,Guatemala,Bourbon,7.42,7.25,7.42,7.42,7.5,10.0,1310.64,0.12
945,81.42,Arabica,Mexico,Caturra,7.42,7.25,7.17,7.25,7.42,10.0,763.0,0.13
946,81.42,Arabica,Mexico,Typica,7.42,7.25,7.25,7.5,7.33,10.0,1100.0,0.13
947,81.42,Arabica,Colombia,Caturra,7.5,7.25,7.17,7.17,7.75,10.0,1750.0,0.11
951,81.33,Arabica,Honduras,Caturra,7.5,7.0,7.17,7.5,7.33,10.0,1500.0,0.11
953,81.33,Arabica,Brazil,Catuai,7.25,7.33,7.33,7.33,7.42,10.0,1100.0,0.11
954,81.33,Arabica,Honduras,Catuai,7.58,7.17,7.42,7.17,7.17,10.0,1350.0,0.09
955,81.33,Arabica,Brazil,Yellow Bourbon,7.17,7.42,7.25,7.42,7.33,10.0,1200.0,0.12
956,81.33,Arabica,Philippines,Other,7.08,7.42,7.33,7.33,7.5,10.0,1400.0,0.14
957,81.33,Arabica,Malawi,Gesha,7.75,7.08,7.33,7.33,7.25,10.0,1200.0,0.13
958,81.33,Arabica,Honduras,Catuai,7.33,7.17,7.33,7.5,7.33,10.0,1450.0,0.12
959,81.33,Arabica,Mexico,Typica,7.58,7.25,7.33,7.25,7.25,10.0,1800.0,0.13
960,81.33,Arabica,Mexico,Typica,7.33,7.17,7.42,7.58,7.33,10.0,1000.0,0.12
961,81.33,Arabica,Brazil,Catuai,7.5,7.5,7.5,7.75,7.83,9.33,1100.0,0.11
962,81.25,Arabica,Taiwan,Typica,7.83,7.67,7.83,7.83,7.75,10.0,680.0,0.12
963,81.25,Arabica,Brazil,Yellow Bourbon,7.17,7.17,7.08,6.92,8.17,10.0,1.0,0.0
964,81.25,Arabica,Nicaragua,Catuai,7.08,7.33,7.17,7.42,7.25,10.0,1100.0,0.1
965,81.25,Arabica,Honduras,Catuai,7.42,7.17,7.5,7.33,7.25,10.0,1400.0,0.12
966,81.25,Arabica,Guatemala,Pacamara,7.33,7.17,7.25,7.42,7.33,10.0,1700.0,0.09
967,81.25,Arabica,"Tanzania, United Republic Of",Other,7.33,7.17,7.5,7.25,7.42,10.0,1700.0,0.13
968,81.25,Arabica,Taiwan,Typica,7.5,7.25,7.25,7.25,7.25,10.0,650.0,0.11
969,81.25,Arabica,Guatemala,Caturra,7.5,7.5,7.58,7.0,7.25,10.0,1524.0,0.11
970,81.25,Arabica,Mexico,Typica,7.42,7.33,7.33,7.5,7.42,10.0,1500.0,0.12
972,81.17,Arabica,"Tanzania, United Republic Of",Bourbon,7.67,7.17,7.33,7.5,7.17,10.0,1050.0,0.12
973,81.17,Arabica,Mexico,Caturra,7.75,7.08,7.25,7.08,7.25,10.0,1200.0,0.12
974,81.17,Arabica,Costa Rica,Caturra,7.5,7.33,7.17,7.08,7.17,10.0,1300.0,0.11
975,81.17,Arabica,Honduras,Catuai,7.42,7.0,7.42,7.33,7.33,10.0,1450.0,0.13
976,81.17,Arabica,Thailand,Caturra,6.83,7.42,7.17,7.5,7.42,10.0,1450.0,0.12
977,81.17,Arabica,Philippines,Typica,7.25,7.25,7.08,7.58,7.5,10.0,1200.0,0.0
978,81.17,Arabica,"Tanzania, United Republic Of",Bourbon,7.58,7.17,7.33,7.33,7.25,10.0,1550.0,0.12
979,81.17,Arabica,Malawi,Caturra,7.58,7.33,7.08,7.33,7.33,10.0,995.0,0.12
980,81.17,Arabica,Costa Rica,Catuai,7.33,7.33,7.25,7.33,7.58,10.0,1300.0,0.11
982,81.17,Arabica,Mexico,Typica,7.42,7.08,7.75,7.42,7.17,10.0,1800.0,0.13
983,81.17,Arabica,Guatemala,Caturra,7.42,7.33,7.25,7.25,7.42,10.0,1450.0,0.12
984,81.17,Arabica,Brazil,Mundo Novo,7.42,7.25,7.42,7.5,7.17,10.0,1000.0,0.12
987,81.08,Arabica,Brazil,Mundo Novo,7.58,7.5,7.25,7.75,7.58,9.33,695.0,0.11
988,81.08,Arabica,Nicaragua,Other,7.33,7.33,7.42,7.33,7.33,10.0,1100.0,0.11
989,81.08,Arabica,United States,Pache Comun,7.42,7.33,7.42,7.25,7.33,10.0,1706.88,0.0
990,81.08,Arabica,"Tanzania, United Republic Of",Other,7.42,7.33,7.25,7.25,7.33,10.0,1456.0,0.13
991,81.08,Arabica,Costa Rica,Caturra,7.42,7.17,7.25,7.25,7.58,10.0,1500.0,0.13
992,81.08,Arabica,United States (Puerto Rico),Other,7.67,7.67,7.58,7.58,7.67,10.0,853.44,0.0
993,81.08,Arabica,Mexico,Typica,7.25,7.33,7.33,7.17,7.33,10.0,1650.0,0.13
994,81.08,Arabica,Mexico,Typica,7.33,7.33,7.42,7.25,7.42,10.0,1300.0,0.12
995,81.08,Arabica,Mexico,Typica,7.33,7.25,7.42,7.25,7.25,10.0,1642.0,0.11
996,81.08,Arabica,Mexico,Typica,7.42,7.25,7.42,7.17,7.25,10.0,1200.0,0.1
999,81.0,Arabica,El Salvador,Bourbon,7.42,7.08,7.33,7.25,7.58,10.0,1450.0,0.0
1001,81.0,Arabica,Guatemala,Bourbon,7.42,7.17,7.5,7.25,7.17,10.0,3280.0,0.09
1002,81.0,Arabica,Colombia,Caturra,7.67,7.42,5.25,7.67,7.75,10.0,1600.0,0.0
1003,81.0,Arabica,Guatemala,Bourbon,7.5,7.0,7.25,7.5,7.25,10.0,1219.2,0.11
1004,81.0,Arabica,Taiwan,Typica,7.25,7.17,7.25,7.5,7.33,10.0,758.0,0.12
1005,81.0,Arabica,Honduras,Caturra,7.42,7.25,7.33,7.25,7.17,10.0,1350.0,0.12
1007,81.0,Arabica,"Tanzania, United Republic Of",Other,7.33,7.08,7.42,7.17,7.33,10.0,1525.0,0.12
1008,81.0,Arabica,Uganda,SL14,7.33,7.17,7.33,7.42,7.42,10.0,1700.0,0.12
1009,81.0,Arabica,Taiwan,Typica,7.5,7.33,7.33,7.33,7.33,10.0,1100.0,0.11
1011,81.0,Arabica,Mexico,Other,7.08,7.33,7.33,7.42,7.25,10.0,950.0,0.12
1012,81.0,Arabica,Mexico,Typica,7.58,7.5,7.67,7.58,7.5,10.0,1100.0,0.0
1013,80.92,Arabica,Taiwan,Other,7.33,7.25,7.33,7.33,7.25,10.0,200.0,0.0
1014,80.92,Arabica,Guatemala,Bourbon,7.67,7.33,7.58,7.67,7.5,9.33,1901.0,0.1
1015,80.92,Arabica,Kenya,SL28,7.17,7.5,7.5,8.0,7.75,10.0,1600.0,0.11
1016,80.92,Arabica,Mexico,Bourbon,7.5,7.17,7.42,7.5,7.33,10.0,1100.0,0.11
1017,80.92,Arabica,Myanmar,Other,7.17,7.0,7.58,7.33,7.0,10.0,1066.8,0.0
1019,80.92,Arabica,"Tanzania, United Republic Of",Other,7.33,7.17,7.25,7.42,7.33,10.0,1700.0,0.12
1020,80.92,Arabica,Brazil,Yellow Bourbon,7.25,7.25,7.25,7.25,7.33,10.0,1200.0,0.12
1021,80.92,Arabica,Taiwan,Typica,7.92,7.33,7.08,7.08,7.08,10.0,550.0,0.09
1022,80.92,Arabica,Brazil,Bourbon,7.17,7.17,7.25,7.25,7.33,10.0,1100.0,0.1
1023,80.92,Arabica,Nicaragua,Caturra,7.33,7.25,7.0,7.5,7.42,10.0,1050.0,0.1
1024,80.92,Arabica,Guatemala,Pacas,7.58,6.92,7.5,7.25,7.17,10.0,1524.0,0.12
1025,80.92,Arabica,Taiwan,Typica,7.42,7.25,7.25,7.25,7.25,10.0,900.0,0.11
1026,80.92,Arabica,Taiwan,Typica,7.25,7.08,7.08,7.08,8.08,10.0,688.0,0.11
1027,80.92,Arabica,Taiwan,Typica,7.42,7.25,7.25,7.25,7.25,10.0,300.0,0.11
1028,80.92,Arabica,Mexico,Typica,7.58,7.08,7.5,7.17,7.25,10.0,1186.0,0.13
1030,80.83,Arabica,Laos,Catimor,7.42,7.17,7.17,7.17,7.25,10.0,1300.0,0.0
1031,80.83,Arabica,Guatemala,Caturra,7.67,7.08,7.33,7.17,7.25,10.0,1200.0,0.11
1032,80.83,Arabica,Mexico,Catuai,7.17,7.25,7.42,7.25,7.33,10.0,1210.0,0.13
1033,80.83,Arabica,Mexico,Typica,7.33,7.33,7.33,7.25,7.17,10.0,1100.0,0.11
1034,80.83,Arabica,Mexico,Bourbon,7.5,7.33,7.25,7.17,7.17,10.0,100.0,0.13
1038,80.75,Arabica,Myanmar,Catuai,6.92,7.0,7.58,7.5,7.08,10.0,3825.0,0.0
1039,80.75,Arabica,Guatemala,Caturra,7.5,7.0,7.42,7.17,7.17,10.0,1706.88,0.12
1040,80.75,Arabica,Nicaragua,Other,7.25,7.17,7.25,7.33,7.25,10.0,110000.0,0.12
1041,80.75,Arabica,Honduras,Caturra,7.5,7.0,7.42,7.25,7.17,10.0,1450.0,0.11
1042,80.75,Arabica,Panama,Caturra,7.25,7.17,7.33,7.33,7.17,10.0,1680.0,0.11
1043,80.75,Arabica,Honduras,Catuai,7.42,7.08,7.42,7.25,7.25,10.0,1350.0,0.09
1044,80.75,Arabica,Honduras,Catuai,7.25,7.08,7.5,7.25,7.33,10.0,1450.0,0.13
1045,80.75,Arabica,Costa Rica,Caturra,7.33,7.25,7.25,7.17,7.17,10.0,1300.0,0.11
1046,80.75,Arabica,Mexico,Typica,7.58,7.42,7.25,7.5,7.5,10.0,1200.0,0.11
1047,80.75,Arabica,Haiti,Typica,7.42,7.42,7.25,7.08,7.33,10.0,1000.0,0.12
1050,80.67,Arabica,Indonesia,Mandheling,7.58,7.0,7.67,7.5,7.5,10.0,1350.0,0.13
1051,80.67,Arabica,Guatemala,Bourbon,7.67,6.83,7.17,7.42,7.17,10.0,1500.0,0.11
1052,80.67,Arabica,Costa Rica,Caturra,7.83,7.67,7.67,7.83,7.5,10.0,185.0,0.11
1053,80.67,Arabica,Malawi,Caturra,7.5,7.17,7.17,7.25,7.17,10.0,995.0,0.12
1054,80.67,Arabica,Mexico,Typica,7.25,7.17,7.25,7.17,7.42,10.0,1200.0,0.12
1055,80.67,Arabica,Colombia,Caturra,7.67,7.42,7.67,7.5,7.75,6.67,1550.0,0.0
1056,80.67,Arabica,Guatemala,Bourbon,7.67,7.0,7.5,7.0,7.0,10.0,1550.0,0.12
1062,80.58,Arabica,"Tanzania, United Republic Of",Other,7.25,7.08,7.33,7.33,7.25,10.0,1400.0,0.12
1063,80.58,Arabica,Brazil,Bourbon,7.42,7.33,7.0,7.08,7.25,10.0,1200.0,0.0
1064,80.58,Arabica,Honduras,Caturra,7.5,7.0,7.42,7.33,7.0,10.0,1400.0,0.11
1065,80.58,Arabica,Guatemala,Bourbon,7.17,6.83,7.5,7.17,7.25,10.0,1383.792,0.11
1068,80.5,Arabica,Taiwan,Other,7.17,7.17,7.42,7.17,7.25,10.0,50.0,0.0
1069,80.5,Arabica,Guatemala,Caturra,7.33,7.08,7.17,7.25,7.17,10.0,1500.0,0.1
1070,80.5,Arabica,Honduras,Catuai,7.58,7.0,7.17,7.33,7.08,10.0,1650.0,0.11
1072,80.5,Arabica,Brazil,Yellow Bourbon,7.25,7.17,7.5,7.33,7.25,10.0,1250.0,0.11
1073,80.5,Arabica,Myanmar,Other,7.17,7.17,7.42,7.25,7.08,10.0,3800.0,0.0
1074,80.5,Arabica,Guatemala,Other,7.5,6.83,7.5,7.17,7.17,10.0,1219.2,0.11
1075,80.5,Arabica,Brazil,Yellow Bourbon,7.42,7.08,7.33,7.67,7.5,10.0,1250.0,0.1
1077,80.5,Arabica,Guatemala,Bourbon,7.5,7.0,7.67,7.17,7.0,10.0,1859.28,0.12
1078,80.5,Arabica,Mexico,Typica,7.25,7.08,7.33,7.25,7.17,10.0,1450.0,0.15
1080,80.42,Arabica,Taiwan,Typica,7.58,7.17,7.17,7.17,7.17,10.0,600.0,0.14
1081,80.42,Arabica,El Salvador,Bourbon,7.33,7.08,7.08,7.33,7.17,10.0,1450.0,0.0
1082,80.42,Arabica,China,Other,7.25,7.25,7.17,7.33,7.17,10.0,1700.0,0.17
1083,80.42,Arabica,Taiwan,Typica,7.25,7.17,7.25,7.25,7.25,10.0,600.0,0.11
1084,80.42,Arabica,Mexico,Typica,6.92,7.08,7.5,7.33,7.17,10.0,1050.0,0.1
1085,80.42,Arabica,Mexico,Caturra,7.42,7.08,7.33,7.25,7.17,10.0,1550.0,0.12
1087,80.33,Arabica,"Tanzania, United Republic Of",Bourbon,7.25,7.0,7.25,7.42,7.08,10.0,1700.0,0.13
1089,80.33,Arabica,Taiwan,Yellow Bourbon,7.25,7.08,7.25,7.25,7.25,10.0,600.0,0.11
1090,80.33,Arabica,Guatemala,Bourbon,7.33,6.83,7.5,7.0,7.17,10.0,1310.64,0.11
1091,80.33,Arabica,Mexico,Typica,7.25,7.08,7.33,7.33,7.17,10.0,940.0,0.11
1094,80.25,Arabica,Brazil,Catuai,7.17,7.42,7.08,7.0,7.0,10.0,995.0,0.11
1095,80.25,Arabica,Honduras,Caturra,7.25,7.0,7.0,7.42,7.0,10.0,1400.0,0.1
1096,80.25,Arabica,Mexico,Caturra,7.25,7.0,7.33,7.33,7.0,10.0,1600.0,0.1
1097,80.25,Arabica,Myanmar,Other,8.0,7.0,7.33,7.08,6.92,10.0,914.4,0.11
1098,80.25,Arabica,Myanmar,Catuai,7.42,7.08,7.0,7.17,7.33,10.0,4287.0,0.0
1099,80.25,Arabica,Nicaragua,Caturra,7.08,7.0,7.25,7.5,7.25,10.0,900.0,0.11
1102,80.25,Arabica,Taiwan,Typica,7.25,7.25,7.25,7.17,7.25,10.0,700.0,0.11
1103,80.25,Arabica,Guatemala,Caturra,7.0,7.33,7.33,7.0,7.17,10.0,1400.0,0.11
1104,80.25,Arabica,Mexico,Caturra,7.58,7.17,7.25,6.75,7.0,10.0,808.0,0.11
1105,80.17,Arabica,Vietnam,Catimor,7.42,7.25,7.58,7.42,7.33,10.0,1550.0,0.0
1106,80.17,Arabica,Nicaragua,Caturra,7.17,7.08,7.33,7.25,7.08,10.0,1187.5,0.11
1107,80.17,Arabica,Honduras,Catuai,7.25,7.0,7.17,7.08,7.08,10.0,1400.0,0.11
1108,80.17,Arabica,Guatemala,Bourbon,7.33,7.0,7.17,7.17,7.17,10.0,1310.64,0.11
1109,80.17,Arabica,Mexico,Typica,7.33,6.92,7.42,7.25,7.08,10.0,1250.0,0.11
1110,80.17,Arabica,Mexico,Typica,7.58,7.33,7.5,7.08,7.17,10.0,1550.0,0.14
1111,80.17,Arabica,Mexico,Bourbon,7.33,7.17,7.08,7.25,7.0,10.0,1000.0,0.12
1112,80.17,Arabica,Guatemala,Bourbon,7.33,7.0,7.33,7.0,7.0,10.0,1310.64,0.11
1114,80.08,Arabica,Brazil,Bourbon,7.17,7.0,7.17,7.25,7.25,10.0,1100.0,0.11
1115,80.08,Arabica,Taiwan,Typica,7.42,7.25,7.17,7.0,7.0,10.0,850.0,0.07
1117,80.08,Arabica,Taiwan,Typica,7.25,7.25,7.25,7.08,7.0,10.0,200.0,0.11
1118,80.08,Arabica,Taiwan,Typica,7.25,7.25,7.0,7.25,7.08,10.0,150.0,0.11
1119,80.08,Arabica,Taiwan,Typica,7.25,7.25,7.08,7.17,7.08,10.0,250.0,0.11
1120,80.08,Arabica,Mexico,Typica,7.33,7.25,7.08,7.08,7.08,10.0,1300.0,0.15
1121,80.08,Arabica,Mexico,Typica,7.25,7.0,7.17,7.33,7.17,10.0,1300.0,0.14
1122,80.0,Arabica,Nicaragua,Caturra,7.33,6.92,7.08,7.42,7.17,10.0,1250.0,0.1
1123,80.0,Arabica,Myanmar,Other,7.17,7.0,7.42,7.17,7.0,10.0,3845.0,0.0
1124,80.0,Arabica,Mexico,Typica,7.58,7.42,7.5,7.5,7.5,10.0,1400.0,0.0
1125,80.0,Arabica,Taiwan,Typica,7.25,7.25,7.0,7.25,7.0,10.0,250.0,0.11
1127,80.0,Arabica,Mexico,Typica,7.25,7.08,7.17,7.33,7.33,10.0,1250.0,0.12
1128,80.0,Arabica,Mexico,Other,7.08,7.0,7.33,7.08,7.0,10.0,1100.0,0.11
1132,79.92,Arabica,Mexico,Bourbon,7.33,7.08,7.33,7.42,7.17,10.0,1300.0,0.12
1133,79.92,Arabica,Mexico,Other,7.17,6.92,7.25,7.33,7.08,10.0,1100.0,0.12
1134,79.92,Arabica,Mexico,Bourbon,7.5,7.0,7.17,7.25,7.08,10.0,1100.0,0.0
1135,79.92,Arabica,Mexico,Catuai,7.17,7.08,7.08,7.5,7.33,10.0,1100.0,0.11
1136,79.92,Arabica,Mexico,Typica,7.33,7.0,7.42,7.17,7.17,10.0,1250.0,0.12
1137,79.92,Arabica,Mexico,Mundo Novo,7.17,7.08,7.58,7.33,7.08,10.0,1250.0,0.11
1139,79.83,Arabica,Kenya,SL34,7.0,7.0,7.17,7.25,7.25,10.0,1500.0,0.11
1140,79.83,Arabica,Guatemala,Bourbon,7.33,6.92,7.33,7.25,7.33,10.0,1700.0,0.1
1141,79.83,Arabica,Nicaragua,Caturra,6.83,7.17,6.92,7.5,7.08,10.0,1250.0,0.11
1142,79.83,Arabica,Mexico,Typica,7.17,7.0,7.25,7.5,7.0,10.0,1300.0,0.12
1144,79.75,Arabica,Guatemala,Bourbon,7.5,7.25,7.58,7.33,7.42,9.33,190164.0,0.1
1145,79.75,Arabica,Taiwan,Typica,7.75,7.17,7.33,7.67,7.83,8.67,1000.0,0.0
1146,79.75,Arabica,Taiwan,Typica,7.08,7.25,7.0,7.17,7.17,10.0,600.0,0.1
1149,79.75,Arabica,Costa Rica,Catuai,7.58,7.67,7.75,7.67,7.58,10.0,1100.0,0.1
1150,79.75,Arabica,Mexico,Typica,7.58,7.0,7.0,7.5,6.92,10.0,1400.0,0.12
1151,79.75,Arabica,Mexico,Bourbon,7.58,6.92,7.58,7.5,6.92,10.0,1022.0,0.13
1152,79.75,Arabica,Mexico,Bourbon,7.25,7.0,7.17,7.17,7.08,10.0,1300.0,0.12
1153,79.75,Arabica,Mexico,Bourbon,7.25,7.17,7.08,7.17,7.0,10.0,1450.0,0.14
1154,79.75,Arabica,Mexico,Typica,7.33,7.0,7.08,7.08,7.0,10.0,1050.0,0.1
1156,79.75,Arabica,Mexico,Typica,7.25,6.92,7.08,7.25,7.08,10.0,1100.0,0.12
1157,79.67,Arabica,Guatemala,Bourbon,7.42,7.25,7.58,7.42,7.33,9.33,1219.2,0.1
1158,79.67,Arabica,El Salvador,Bourbon,7.25,7.0,6.83,7.33,7.17,10.0,1250.0,0.0
1160,79.67,Arabica,Guatemala,Bourbon,7.5,6.83,7.08,7.08,7.17,10.0,1310.64,0.11
1161,79.67,Arabica,Mexico,Typica,7.42,6.83,7.58,7.17,6.58,10.0,1400.0,0.12
1162,79.67,Arabica,Mexico,Caturra,7.33,7.0,6.75,7.08,7.0,10.0,975.0,0.13
1163,79.67,Arabica,Mexico,Mundo Novo,6.92,7.17,7.17,7.08,7.08,10.0,1264.0,0.0
1165,79.58,Arabica,Mexico,Typica,7.08,6.92,7.33,7.25,7.08,10.0,1250.0,0.12
1166,79.58,Arabica,Mexico,Caturra,7.25,6.92,7.33,7.25,7.0,10.0,1550.0,0.13
1169,79.5,Arabica,Nicaragua,Caturra,6.92,7.0,7.42,7.25,7.0,10.0,1050.0,0.12
1170,79.5,Arabica,Taiwan,Typica,6.92,7.17,7.0,7.42,7.0,10.0,700.0,0.0
1171,79.5,Arabica,Colombia,Caturra,7.83,7.42,7.42,7.67,7.5,10.0,1550.0,0.0
1172,79.5,Arabica,Mexico,Caturra,7.25,6.92,7.25,7.58,7.08,10.0,1550.0,0.12
1173,79.5,Arabica,Mexico,Typica,7.25,7.0,7.25,7.17,7.17,10.0,1100.0,0.12
1174,79.42,Arabica,Guatemala,Bourbon,7.08,7.25,7.58,7.33,7.42,9.33,1219.2,0.1
1175,79.42,Arabica,Guatemala,Other,7.25,6.83,7.0,7.0,7.17,10.0,1219.2,0.1
1176,79.42,Arabica,Mexico,Typica,7.0,6.83,7.42,7.33,7.17,10.0,800.0,0.13
1178,79.33,Arabica,Colombia,Caturra,7.42,6.75,7.25,7.42,7.25,10.0,1200.0,0.0
1179,79.33,Arabica,Mexico,Typica,7.0,6.83,7.33,7.42,6.92,10.0,950.0,0.14
1180,79.33,Arabica,Mexico,Typica,7.42,7.08,7.17,7.08,7.08,10.0,750.0,0.14
1182,79.25,Arabica,Taiwan,Typica,7.08,6.83,7.25,7.42,7.08,10.0,850.0,0.11
1183,79.25,Arabica,Mexico,Bourbon,7.0,6.92,7.17,7.17,7.08,10.0,1000.0,0.13
1184,79.17,Arabica,Guatemala,Bourbon,7.33,7.33,7.42,7.5,7.42,9.33,1219.2,0.1
1185,79.17,Arabica,Honduras,Catuai,7.58,6.75,6.92,7.0,6.92,10.0,1650.0,0.11
1186,79.17,Arabica,Guatemala,Bourbon,7.08,6.92,7.42,7.0,6.92,10.0,1320.0,0.11
1187,79.17,Arabica,Guatemala,Catuai,7.25,6.75,7.25,7.0,6.92,10.0,1550.0,0.11
1189,79.17,Arabica,Mexico,Typica,7.25,6.92,7.08,7.17,7.17,10.0,1550.0,0.14
1190,79.17,Arabica,Mexico,Typica,7.17,6.92,7.08,7.17,7.0,10.0,1450.0,0.14
1191,79.17,Arabica,Mexico,Typica,6.75,6.83,7.25,7.58,7.08,10.0,1200.0,0.01
1192,79.08,Arabica,Guatemala,Bourbon,7.58,7.42,7.42,7.67,7.67,8.67,1700.0,0.1
1193,79.08,Arabica,United States (Puerto Rico),Other,7.42,6.75,7.33,7.33,6.92,10.0,853.44,0.13
1194,79.08,Arabica,Mexico,Typica,7.33,6.92,7.25,7.33,7.08,10.0,1500.0,0.16
1195,79.08,Arabica,Mexico,Mundo Novo,7.25,6.75,7.33,7.42,7.0,10.0,1100.0,0.11
1196,79.08,Arabica,Mexico,Typica,7.17,7.25,7.17,7.25,7.08,10.0,1200.0,0.1
1198,79.0,Arabica,Guatemala,Other,7.33,6.58,7.42,7.08,6.83,10.0,1219.2,0.12
1199,79.0,Arabica,Honduras,Pacas,7.0,7.0,7.0,7.0,7.0,10.0,1350.0,0.11
1200,79.0,Arabica,Peru,Typica,7.67,7.08,7.25,8.0,7.5,9.33,1400.0,0.0
1201,79.0,Arabica,Mexico,Mundo Novo,6.75,6.67,7.25,7.17,7.08,10.0,1300.0,0.12
1202,79.0,Arabica,Mexico,Typica,7.5,6.92,7.5,7.25,7.0,10.0,1550.0,0.14
1203,79.0,Arabica,Mexico,Typica,7.17,6.83,7.25,7.17,6.92,10.0,12.0,0.14
1204,78.92,Arabica,Mexico,Typica,7.33,6.75,7.08,7.17,7.25,10.0,1300.0,0.12
1205,78.92,Arabica,Mexico,Typica,7.5,6.92,7.08,6.92,6.75,10.0,1400.0,0.16
1206,78.83,Arabica,Nicaragua,Caturra,7.17,6.92,7.0,7.0,7.0,10.0,1100.0,0.1
1208,78.75,Arabica,Guatemala,Bourbon,7.33,6.33,7.25,7.0,7.0,10.0,1310.64,0.12
1209,78.75,Arabica,Mexico,Typica,7.25,6.83,7.0,7.17,7.0,10.0,1320.0,0.14
1210,78.75,Arabica,Mexico,Typica,7.25,7.17,7.25,7.08,7.0,10.0,1250.0,0.14
1211,78.75,Arabica,Mexico,Bourbon,7.67,6.83,7.33,7.58,7.17,8.67,1350.0,0.12
1212,78.67,Arabica,China,Typica,7.0,6.83,7.17,7.17,7.17,9.33,1850.0,0.0
1213,78.67,Arabica,Mexico,Caturra,6.92,6.67,7.25,7.17,6.92,10.0,1150.0,0.13
1216,78.58,Arabica,Guatemala,Other,7.33,6.92,7.58,7.25,7.17,10.0,1219.2,0.12
1217,78.58,Arabica,Taiwan,Typica,6.83,7.17,7.25,7.0,6.92,10.0,800.0,0.1
1218,78.58,Arabica,Mexico,Typica,7.0,6.75,7.33,6.92,6.92,10.0,1400.0,0.13
1219,78.58,Arabica,Mexico,Typica,7.92,7.58,7.92,7.92,7.5,10.0,1300.0,0.1
1221,78.5,Arabica,Mexico,Bourbon,7.25,6.92,6.92,7.25,7.58,10.0,1600.0,0.0
1222,78.5,Arabica,Mexico,Typica,7.08,6.83,7.0,7.0,6.92,10.0,1400.0,0.12
1223,78.5,Arabica,Mexico,Caturra,7.25,7.0,6.83,7.58,7.08,10.0,1200.0,0.13
1225,78.42,Arabica,Mexico,Typica,7.58,7.0,7.17,7.33,7.0,10.0,1500.0,0.14
1227,78.33,Arabica,Guatemala,Other,7.17,6.67,7.0,7.17,7.17,10.0,1219.2,0.1
1228,78.33,Arabica,Guatemala,Bourbon,7.17,6.5,7.17,7.0,6.83,10.0,1310.64,0.11
1229,78.33,Arabica,Mexico,Typica,7.25,7.0,7.5,7.33,7.42,10.0,1300.0,0.13
1233,78.17,Arabica,Indonesia,Java,6.92,6.92,6.92,6.92,6.83,10.0,1300.0,0.13
1234,78.08,Arabica,Mexico,Typica,7.08,6.67,7.25,7.25,6.92,10.0,1050.0,0.11
1235,78.0,Arabica,Taiwan,Yellow Bourbon,7.5,7.33,7.17,7.5,7.5,10.0,650.0,0.0
1236,78.0,Arabica,Honduras,Pacas,6.83,6.67,7.0,7.0,6.83,10.0,1350.0,0.11
1238,78.0,Arabica,Guatemala,Other,7.42,6.83,7.33,7.0,6.92,9.33,1219.2,0.1
1239,78.0,Arabica,China,Typica,7.33,6.92,7.08,7.33,7.0,9.33,1200.0,0.1
1240,78.0,Arabica,Guatemala,Bourbon,7.0,6.83,7.17,6.67,6.83,10.0,1310.64,0.11
1241,78.0,Arabica,Mexico,Other,7.25,7.0,7.0,7.25,7.08,8.0,850.0,0.12
1243,77.92,Arabica,Costa Rica,Caturra,7.5,7.42,7.0,7.08,6.83,10.0,1200.0,0.12
1244,77.92,Arabica,Mexico,Typica,7.42,7.0,7.0,7.25,7.08,10.0,1248.0,0.11
1248,77.83,Arabica,Guatemala,Bourbon,7.0,6.67,7.17,6.83,6.83,10.0,1310.64,0.11
1249,77.67,Arabica,Taiwan,Typica,7.17,6.58,7.33,7.33,7.17,10.0,775.0,0.11
1251,77.5,Arabica,Mexico,Typica,7.17,6.58,6.75,6.83,6.75,10.0,1300.0,0.13
1252,77.42,Arabica,Guatemala,Bourbon,7.08,6.33,7.0,6.92,7.0,10.0,1310.64,0.11
1253,77.33,Arabica,Brazil,Bourbon,7.5,7.42,7.58,7.58,6.92,10.0,890.0,0.0
1254,77.33,Arabica,Guatemala,Other,7.33,6.83,7.17,7.17,7.17,9.33,1219.2,0.1
1255,77.33,Arabica,Mexico,Typica,7.33,6.67,7.0,6.92,6.92,10.0,1500.0,0.15
1256,77.25,Arabica,Haiti,Typica,6.83,6.83,6.75,6.92,6.92,10.0,825.0,0.1
1258,77.17,Arabica,Mexico,Other,7.08,7.0,7.25,7.33,7.25,10.0,1200.0,0.12
1259,77.0,Arabica,Peru,Caturra,7.42,7.42,7.67,7.92,7.83,9.33,1200.0,0.0
1261,76.75,Arabica,Mexico,Typica,6.67,6.42,6.83,7.0,6.92,10.0,1200.0,0.0
1263,76.42,Arabica,Mexico,Typica,7.17,6.58,7.0,7.25,6.58,10.0,1100.0,0.13
1264,76.33,Arabica,Guatemala,Bourbon,7.5,6.83,7.5,7.17,7.33,8.67,1310.64,0.11
1268,76.17,Arabica,Mexico,Typica,7.42,6.83,7.08,6.92,6.83,10.0,1400.0,0.16
1269,76.17,Arabica,Indonesia,Other,7.33,6.5,6.08,7.58,6.33,9.33,3500.0,0.12
1270,76.08,Arabica,Mexico,Bourbon,7.08,6.83,7.17,7.17,7.08,10.0,1250.0,0.12
1271,76.0,Arabica,Honduras,Pacas,6.83,6.67,6.83,7.0,6.83,10.0,1350.0,0.11
1274,75.58,Arabica,Guatemala,Bourbon,7.92,7.17,7.58,7.33,7.17,8.0,1310.64,0.11
1276,75.5,Arabica,Mexico,Pacamara,7.5,6.92,7.0,7.17,6.83,10.0,1100.0,0.11
1277,75.17,Arabica,Mexico,Mundo Novo,7.17,6.67,6.83,7.25,7.75,10.0,1200.0,0.11
1278,75.17,Arabica,Mexico,Other,7.25,6.67,7.08,7.17,6.83,10.0,1100.0,0.12
1279,75.17,Arabica,Mexico,Typica,7.17,6.83,7.17,7.42,6.67,10.0,1280.0,0.13
1280,75.0,Arabica,Mexico,Typica,7.0,6.75,6.92,7.17,6.83,10.0,850.0,0.14
1281,74.92,Arabica,Mexico,Typica,7.08,6.58,7.0,7.0,6.75,10.0,1500.0,0.17
1282,74.83,Arabica,Mexico,Typica,7.33,6.67,7.25,7.5,7.0,10.0,1250.0,0.12
1285,74.67,Arabica,Mexico,Typica,7.08,6.83,7.5,7.33,6.83,10.0,1700.0,0.12
1287,74.33,Arabica,Guatemala,Bourbon,6.5,6.5,7.5,7.33,6.83,8.67,1310.64,0.11
1288,74.33,Arabica,Mexico,Typica,7.0,6.67,6.83,7.08,6.83,10.0,1140.0,0.14
1289,74.0,Arabica,Mexico,Typica,6.92,6.17,7.33,7.25,6.75,10.0,1200.0,0.13
1290,73.83,Arabica,Mexico,Typica,7.67,7.17,7.58,7.33,7.33,10.0,1250.0,0.12
1293,73.42,Arabica,Honduras,Pacas,7.0,6.83,7.17,7.0,7.17,8.0,1350.0,0.11
1294,72.92,Arabica,Mexico,Typica,7.08,6.92,7.08,6.92,6.92,8.0,1200.0,0.0
1298,71.75,Arabica,Costa Rica,Caturra,6.33,6.33,6.83,6.33,6.5,10.0,1200.0,0.11
1299,71.08,Arabica,Mexico,Mundo Novo,6.92,6.92,6.92,7.17,7.0,10.0,800.0,0.12
1300,71.0,Arabica,Mexico,Bourbon,6.5,6.42,7.17,7.33,6.5,10.0,1800.0,0.11
1301,70.75,Arabica,Mexico,Typica,6.92,6.83,6.92,7.42,6.92,10.0,1000.0,0.12
1303,69.33,Arabica,Honduras,Catuai,6.67,6.17,6.67,6.83,6.17,8.0,1450.0,0.1
1304,69.17,Arabica,Honduras,Catuai,7.0,6.17,6.67,6.5,6.17,8.0,1450.0,0.1
1305,69.17,Arabica,Honduras,Catuai,7.0,6.17,6.5,6.67,6.17,8.0,1450.0,0.1
1306,68.33,Arabica,Mexico,Bourbon,7.08,6.25,7.42,7.25,6.75,10.0,900.0,0.11
1307,67.92,Arabica,Haiti,Typica,6.75,6.42,6.67,7.08,6.67,6.0,350.0,0.14
1308,63.08,Arabica,Nicaragua,Caturra,7.25,6.33,6.25,6.42,6.08,6.0,1100.0,0.13
1309,59.83,Arabica,Guatemala,Catuai,7.5,6.67,7.67,7.33,6.67,1.33,1417.32,0.1
1310,0.0,Arabica,Honduras,Caturra,0.0,0.0,0.0,0.0,0.0,0.0,1400.0,0.12
1319,82.5,Robusta,India,Other,7.67,7.58,7.83,7.83,8.0,7.92,1000.0,0.09
1322,81.58,Robusta,India,Other,7.67,7.75,7.5,7.75,7.58,7.75,1000.0,0.11
1333,79.33,Robusta,United States,Arusha,7.92,7.42,7.42,7.42,7.42,7.58,3000.0,0.0
